Address Number;City;Country;Customer Address 1;Customer Address 2;Customer Address 3;Customer Address 4;State;Zip Code
10000000;Akron;US;PO Box 6258;                                        ;Não Informado;                                        ;OH;44312
10000453;                         ;UK;                                        ;                                        ;Não Informado;                                        ;;            
10000455;Huntington Beach;US;7392 Count Circle;                                        ;Não Informado;                                        ;CA;92647
10000456;Edmonton;CA;8151 Wagner Road;                                        ;Não Informado;                                        ;AB;T6E 4N6
10000458;Saginaw;US;PO Box 840;                                        ;Não Informado;                                        ;MI;48606
10000460;Goodlettsville;US;709 Rivergate Parkway;                                        ;Não Informado;                                        ;TN;37072
10000461;Boucherville;CA;1391 Gay Lussac;                                        ;Não Informado;                                        ;QU;J4B 7K1
10000462;Hazelwood;US;6311 North Lindbergh Boulevard;                                        ;Não Informado;                                        ;MO;63042
10000466;North Highlands;US;3213 Orange Grove Avenue;                                        ;Não Informado;                                        ;CA;95660
10000469;Montreal;CA;Attention:  Accounts Payable;7025 Ontario Street East;Não Informado;                                        ;QU;H1N 2B3
10000471;Jeddah;AU;Al Thalia Street;PO Box 11605;Não Informado;                                        ;;11443
10000472;Van Nuys;US;8000 Haskell Avenue;                                        ;Não Informado;                                        ;CA;91406
10000473;Rancho Cordova;US;3290 Monier Circle #100;                                        ;Não Informado;                                        ;CA;95742
10000474;Des Moines;US;PO Box 3265;                                        ;Não Informado;                                        ;IA;50316
10000475;Charlotte;US;5745 N Tryon Street;                                        ;Não Informado;                                        ;NC;28213
10000478;Little Rock;US;8120 E Doyle Springs Road;                                        ;Não Informado;                                        ;AR;72209
10000480;Phoenix;US;Attention: Accounts Payable;PO Box 21502;Não Informado;                                        ;AZ;-85036--1502-
10000481;Chicago;US;Box 5516;                                        ;Não Informado;                                        ;IL;60680
10000601;Creedmoor;US;1550 Aereli Avenue;                                        ;Não Informado;                                        ;NC;27522
10002220;Prince George;CA;1594 Nicholson Street;                                        ;Não Informado;                                        ;BC;V2N 1V6
10002240;Medford;US;50 Mystic Avenue;                                        ;Não Informado;                                        ;MA;2155
10002244;Statesville;US;-Spicer Clark -- Hurth Off Highway Div-;1293 Glenway Drive;Não Informado;                                        ;NC;28625
10002489;Villa Rica;US;PO Box 266;                                        ;Não Informado;                                        ;GA;-30180--0266-
10002501;                         ;UK;                                        ;                                        ;Não Informado;                                        ;;            
10002506;Salt Lake City;US;Attention: Doris Nielson;PO Box 26005;Não Informado;                                        ;UT;84126
10002526;EE 0026 Tallinn;UK;Kadaka Road 72 a;                                        ;Não Informado;                                        ;;            
10002709;Albany;US;PO Box 99;                                        ;Não Informado;                                        ;OR;97321
10002746;Bensonville;US;1200 North Ellis Street;                                        ;Não Informado;                                        ;IL;-60106--1119-
10002765;Hialeah;US;4760 NW 165th Street;                                        ;Não Informado;                                        ;FL;33014
10002964;Edmonton;CA;7223 Girard Road;                                        ;Não Informado;                                        ;AB;T6B 2C5
10002969;Manassas;US;12000 Balls Ford Road;                                        ;Não Informado;                                        ;VA;20109
10003720;Hermitage;US;2755 Kirila Boulevard;                                        ;Não Informado;                                        ;PA;16148
10003795;Baton Rouge;US;PO Box 2484;                                        ;Não Informado;                                        ;LA;70815
10004245;Portland;US;4747 N Channel Ave;                                        ;Não Informado;                                        ;OR;-97208--3591-
10004255;Seoul;AU;3F Shinwoo Building;-195--12 Poi--Dong Kangnam--KU-;Não Informado;                                        ;;-135--260-
10004256;Portland;US;PO Box 20505;                                        ;Não Informado;                                        ;OR;97294
10004302;Baton Rouge;US;9555 Airline Highway;                                        ;Não Informado;                                        ;LA;70815
10004516;Lighthorne Warwick;UK;Vehicle Operations;Building 540 53G/23/1;Banbury Road;                                        ;;CV35 ORG
10005006;Boise;US;601 East Gowen Road;                                        ;Não Informado;                                        ;ID;83716
10005043;San Jose;UK;-Paseo Colon Calles 34--36-;                                        ;Não Informado;                                        ;;            
10006037;Miami;US;7225 NW 25th Street;                                        ;Não Informado;                                        ;FL;33122
10006093;Evansville;US;PO Box 5364;                                        ;Não Informado;                                        ;IN;-47716--5364-
10006805;Miami;US;1801 NW 82nd Ave;                                        ;Não Informado;                                        ;FL;33126
10006836;Quito;UK;AV 6 DE DICIEMBRE;N47225 Y Samuel Fritz;Não Informado;                                        ;;            
10006846;Modesto;US;1023 Kansas Avenue;                                        ;Não Informado;                                        ;CA;95351
10006848;Fredericksburg;US;1101A Potomac Avenue;                                        ;Não Informado;                                        ;VA;22405
10006862;Pearl;US;4410 Highway 80 East;                                        ;Não Informado;                                        ;MS;39209
10007117;Taipei;AU;8F No.19 Chang Chun Road;                                        ;Não Informado;                                        ;;104
10007120;Rexburg;US;DBA Pronto Jobbers Warehouse;PO Box 409;Não Informado;                                        ;ID;83440
10007121;St Louis Park;US;5711 West 36th Street;                                        ;Não Informado;                                        ;MN;55416
10007122;Buda;US;-22015 South I--35-;                                        ;Não Informado;                                        ;TX;78610
10007123;Little Rock;US;PO Box 194255;                                        ;Não Informado;                                        ;AR;72219
10007309;                         ;UK;Limited Reg Number 28388;40 Devil's Tower Road;PO Box 176;                                        ;;            
10007355;Amarillo;US;3601 Amarillo Boulevard East;                                        ;Não Informado;                                        ;TX;79107
10007564;Cleveland;US;1287 US Highway 59 North;                                        ;Não Informado;                                        ;TX;77327
10007566;St Joseph;US;2106 South Riverside Road;                                        ;Não Informado;                                        ;MO;-64507--9799-
10007577;Stewartsville;US;2621 State Route 57;                                        ;Não Informado;                                        ;NJ;8886
10007591;FIN 00710;UK;Hiekkakiventie 7;                                        ;Não Informado;                                        ;;710
10007866;Sao Paulo;UK;Rua Sepetiba 464;                                        ;Não Informado;                                        ;;5052
10008134;Petersburg;US;23308 Airpark Drive;                                        ;Não Informado;                                        ;VA;23803
10008381;Puyallup;US;10023 128th St. E #7;                                        ;Não Informado;                                        ;WA;98373
10008593;Highland;US;PO Box 99;                                        ;Não Informado;                                        ;IL;62249
10008596;Springhill;US;PO Box 578;                                        ;Não Informado;                                        ;LA;71075
10008602;Wells;US;209 Sanford Road (Route 109);                                        ;Não Informado;                                        ;ME;4090
10008638;Milesburg;US;301 Iddings Street;PO Box 865;Não Informado;                                        ;PA;16853
10008893;Yakama;US;508 South First Street;                                        ;Não Informado;                                        ;WA;98901
10009156;Attica;US;DBA Badlands Off Road Park;3968 North Xavier Road;Não Informado;                                        ;IN;47918
10009356;Cape Girardeau;US;Global Motorsport Parts Inc;PO Box 1179;Não Informado;                                        ;MO;63702
10009606;Kilsyth;UK;PO Box 105;                                        ;Não Informado;                                        ;;3136
10009623;Gretna;US;2125 Whitney Avenue;                                        ;Não Informado;                                        ;LA;70056
10009631;Corona;US;1477 Davril Circle;                                        ;Não Informado;                                        ;CA;92880
10009633;                         ;UK;                                        ;                                        ;Não Informado;                                        ;;            
10009639;Industriestrasse 17;UK;Industriestrasse 17;8910 Affoltern AA;Não Informado;                                        ;;            
10009642;Joliet;US;812 Draper Avenue;                                        ;Não Informado;                                        ;IL;60432
10009643;Flint;US;4103 Holiday Drive;                                        ;Não Informado;                                        ;MI;48507
10009647;Sacramento;US;3248 Auburn Boulevard;                                        ;Não Informado;                                        ;CA;95821
10009650;La Paz;UK;-Plaza Venezuela 1413--1425-;                                        ;Não Informado;                                        ;;            
10009652;Valcourt;CA;550 Du Parc Boulevard;                                        ;Não Informado;                                        ;QU;J0E 2L0
10009653;Mississauga;CA;3355 American Drive;                                        ;Não Informado;                                        ;ON;L4V 1B3
10009654;Brownsville;US;904 Billy Mitchell Boulevard;                                        ;Não Informado;                                        ;TX;78521
10009656;Trinity Center;US;PO Box 450;                                        ;Não Informado;                                        ;CA;96091
10009657;Lewiston;US;12 Lexington Street;                                        ;Não Informado;                                        ;ME;4240
10009660;Augusta;US;PO box 204658;                                        ;Não Informado;                                        ;GA;-30917--4658-
10009662;West Point;US;610 Garfield Avenue;                                        ;Não Informado;                                        ;PA;19486
10009669;                         ;UK;                                        ;                                        ;Não Informado;                                        ;;            
10009672;Phoenix;US;Attention: Accounts Payable;PO Box 21502;Não Informado;                                        ;AZ;85036
10009676;Kalamazoo;US;167 East Kalamazoo Avenue;                                        ;Não Informado;                                        ;MI;49007
10009679;Meridian;US;2400 Highway 19N;                                        ;Não Informado;                                        ;MS;39307
10009697;Orlando;US;4455 Dardanelle Drive;                                        ;Não Informado;                                        ;FL;32808
10009863;Beijing 100088;UK;PO Box 065;                                        ;Não Informado;                                        ;;            
10009885;Winnipeg;CA;PO Box 7100;                                        ;Não Informado;                                        ;MB;R3C 3B3
10009907;Elizabethtown;US;PO Box 2143;                                        ;Não Informado;                                        ;KY;-42702--2143-
10009985;West Jordan;US;PO Drawer 40;                                        ;Não Informado;                                        ;UT;84084
10010698;Gardena;US;17010 S Main Street;PO Box 88;Não Informado;                                        ;CA;90248
10010717;Waterville;US;208 W Main;                                        ;Não Informado;                                        ;KS;66548
10010884;Boucherville;CA;170 Industrial Boulevard;                                        ;Não Informado;                                        ;QU;J4B 2X3
10010886;Libby;US;522 Montana Avenue;                                        ;Não Informado;                                        ;MT;59923
10010887;Edmonton;CA;9605 56th Avenue;                                        ;Não Informado;                                        ;AB;T6E 0B2
10010897;Whitehouse;US;PO Box 588;                                        ;Não Informado;                                        ;TN;37188
10010904;Burnsville;US;3513 West Highway 13;                                        ;Não Informado;                                        ;MN;55337
10010906;Frederick;US;5702 Industry Lane Unit B1 & 2;                                        ;Não Informado;                                        ;MD;21704
10010912;Fort Smith;US;PO Box 849;                                        ;Não Informado;                                        ;AR;-72902--0849-
10010914;Overland Park;US;Attention  Accounts Payable Department;PO Box 12990;Não Informado;                                        ;KS;-66282--2990-
10010923;-Seocho--GU-;AU;231 Yangjae Dong;                                        ;Não Informado;                                        ;;-137--938-
10010935;Sioux Center;US;877 1st Avenue NW;                                        ;Não Informado;                                        ;IA;51250
10010969;Elkhart;US;317 North Main Street;                                        ;Não Informado;                                        ;IN;46516
10010970;Irving;US;1477 E Highway 356;                                        ;Não Informado;                                        ;TX;75060
10010974;Chippewa Falls;US;13296 County Highway 00;                                        ;Não Informado;                                        ;WI;54729
10011198;Framingham;US;703 Waverly Street;Route 135;Não Informado;                                        ;MA;1702
10011398;Eugene;US;1942 W 11th Avenue;                                        ;Não Informado;                                        ;OR;-97402--3519-
10011459;Oak Ridge;US;901 Oak Ridge Turnpike;                                        ;Não Informado;                                        ;TN;37830
10011521;Okolona;US;32722 Highway 45;                                        ;Não Informado;                                        ;MS;38860
10011724;Ingersoll;CA;300 Ingersoll Street;PO Box 1005;Não Informado;                                        ;ON;N5C 4A6
10011732;                         ;UK;                                        ;                                        ;Não Informado;                                        ;;            
10011734;Atlanta;US;PO Box 19858 Station N;                                        ;Não Informado;                                        ;GA;-30325--0858-
10011918;                         ;UK;                                        ;                                        ;Não Informado;                                        ;;            
10011923;Moline;US;PO Box 8808;C/O APSS;Dept. 551;                                        ;IL;-61266--8808-
10011979;4100 Porto;UK;-Rua Eng Ferreira Dia 241--243-;                                        ;Não Informado;                                        ;;            
10011981;Missoula;US;PO Box 2640;                                        ;Não Informado;                                        ;MT;59806
10011997;Roanoke;US;2177 Dale Avenue SE;                                        ;Não Informado;                                        ;VA;24013
10012226;Troy;US;Worldwide Purchasing;1996 Technology Drive;-Mail Code 483--619--114-;                                        ;MI;48083
10012234;Hayward;US;PO Box 4658;                                        ;Não Informado;                                        ;CA;94540
10012235;Winnipeg;CA;PO Box 1005;                                        ;Não Informado;                                        ;MB;R3C 2W7
10012422;Saginaw;US;PO Box 510;                                        ;Não Informado;                                        ;AL;35137
10012425;Oslo;US;RR1 Box 9;                                        ;Não Informado;                                        ;MN;56744
10012715;Exeter;US;44 Tunkhannock Avenue;                                        ;Não Informado;                                        ;PA;18643
10012761;Cali;UK;Av 6A Norte 25 N 43;                                        ;Não Informado;                                        ;;            
10013011;112 Reyjavik;AU;Vagnhofda 23;                                        ;Não Informado;                                        ;;            
10013188;Charlotte;US;PO Box 36409;                                        ;Não Informado;                                        ;NC;28236
10013232;Milwaukie;US;PO Box 250825;                                        ;Não Informado;                                        ;WI;53225
10013238;Janesville;US;PO Box 5222;                                        ;Não Informado;                                        ;WI;-53547--5222-
10013252;Irving;US;Dallas PDC #15;Attention  Accounts Payable;PO Box 167728;                                        ;TX;-75016--7728-
10013467;Farmington;US;2015 San Juan Boulevard;                                        ;Não Informado;                                        ;NM;87401
10013472;Indianapolis;US;3343 Shelby Street;                                        ;Não Informado;                                        ;IN;46227
10013509;Joliet;US;207 North Scott;                                        ;Não Informado;                                        ;IL;60435
10013765;St Louis;US;5821 Hampton Avenue;                                        ;Não Informado;                                        ;MO;63109
10014043;Guadalajara Jal Mexico;IR;Rinconada De La Floresta 1137;Rinconada Del Bosque CP;Não Informado;                                        ;;44530
10014047;Fresno;US;1510 Merced Street;                                        ;Não Informado;                                        ;CA;93706
10014238;2215 TC Voorhout;IR;S Gravendam Seweg 53;                                        ;Não Informado;                                        ;;            
10014264;Springfield;US;1935 S Campbell;                                        ;Não Informado;                                        ;MO;65898
10014469;Livonia;US;Accounting Department Service & Parts;PO Box 537940;Não Informado;                                        ;MI;-48153--7940-
10014471;Calgary;CA;-2916--21st Street Northeast-;                                        ;Não Informado;                                        ;AB;T2E 6Z2
10014495;Clackamas;US;12900 SE Capps Road;                                        ;Não Informado;                                        ;OR;97015
10014533;Aurora;US;Chicago PDC #22;Attention  Accounts Payable;PO Box 2060;                                        ;IL;-60507--2060-
10014540;1980 Santiago;UK;Avda Bdo O'Higgins;                                        ;Não Informado;                                        ;;            
10014546;Phoenix;US;Division of Western Truck Sales Inc;3530 East Washington Street;Não Informado;                                        ;AZ;85034
10014739;Tulsa;US;Division of Parkhurst;15051 E Admiral Place;Não Informado;                                        ;OK;74116
10014779;Fairview;US;PO Box 206;                                        ;Não Informado;                                        ;NJ;7022
10014803;Grand Rapids;US;3056 Eastern Avenue SE;                                        ;Não Informado;                                        ;MI;49508
10014804;Shreveport;US;Attention: Ann Borden;PO Box 31435;Não Informado;                                        ;LA;71130
10014810;Canton;US;Attention: Accounts Payable Department;PO Box 8844;Não Informado;                                        ;OH;-44711--8844-
10015011;-SE--132 28 Saltsjo--Boo-;AU;Svarvarvagen 14;                                        ;Não Informado;                                        ;;            
10015030;Anchorage;US;2192 Viking Drive;                                        ;Não Informado;                                        ;AK;99501
10015267;Sollinge Molle;UK;5750 Ringe;                                        ;Não Informado;                                        ;;            
10015275;Marshfield;US;1601 East 29th Street;                                        ;Não Informado;                                        ;WI;54449
10015495;Kansas City;US;Attention:  Accounts Payable;686 South Adams;Não Informado;                                        ;KS;66105
10015783;Philadelphia;US;Attention: Anna Markert;3111 W Allegheny Avenue;Não Informado;                                        ;PA;19132
10015789;Jeddah;AU;PO Box 14311;                                        ;Não Informado;                                        ;;21424
10015793;Sacramento;US;3248 Auburn Boulevard;                                        ;Não Informado;                                        ;CA;95821
10015824;South Bend;US;PO Box 7005;                                        ;Não Informado;                                        ;IN;-46634--7005-
10016045;Monroe;US;1051 West 7th Street;Building # 2;Não Informado;                                        ;WI;53566
10016047;Nashville;US;975 Main Street;                                        ;Não Informado;                                        ;TN;37206
10016303;Buffalo;US;60 Depot Street;                                        ;Não Informado;                                        ;NY;14206
10016334;Overland Park;US;Attention Accounts Payable Department;PO Box 12990;Não Informado;                                        ;KS;-66282--2990-
10016542;Greenville;US;Greenville PDC #23;52 Bruce Road;Não Informado;                                        ;SC;29605
10016548;Mobile;US;4700 Rangeline Road;                                        ;Não Informado;                                        ;AL;36619
10016549;Jacksonville;US;PO Box 6307;                                        ;Não Informado;                                        ;FL;32236
10016564;Traverse City;US;PO Box 2338;                                        ;Não Informado;                                        ;MI;49685
10016588;Schertz;US;6025 Corridor Parkway;                                        ;Não Informado;                                        ;TX;-78154--3214-
10016609;Winnepeg;CA;Unicity Distribution Systems;1445 Church Avenue;Não Informado;                                        ;MB;R2X 2X9
10016784;Pocahontas;US;PO Box 129;                                        ;Não Informado;                                        ;IA;50574
10016807;Overland Park;US;Attention  Accounts Payable Department;PO Box 12990;Não Informado;                                        ;KS;-66282--2990-
10016858;Beaverton;US;6590 SW Fallbrook Place;(Commercial Industrial);Não Informado;                                        ;OR;97008
10017036;Eagan;US;580 Yankee Doodle Rd Ste 1200;                                        ;Não Informado;                                        ;MN;55121
10017054;Newport;US;7640 North Telegraph;                                        ;Não Informado;                                        ;MI;O
10017072;Chicago;US;4200 S Morgan Street;                                        ;Não Informado;                                        ;IL;60609
10017290;Bogota;UK;-Transversal 49 No. 102--00-;                                        ;Não Informado;                                        ;;            
10017307;Anjou;CA;10401 Boul Parkway;                                        ;Não Informado;                                        ;QU;H1V 1R4
10017314;El Paso;US;8901 Montana Avenue;                                        ;Não Informado;                                        ;TX;79925
10017553;Ottawa;US;PO Box 660;                                        ;Não Informado;                                        ;KS;-66067--3805-
10017576;New Orleans;US;PO Box 10455;                                        ;Não Informado;                                        ;LA;70181
10017585;Milwaukie;US;11811 West Silver Spring Drive;                                        ;Não Informado;                                        ;WI;53225
10017638;Roanoke;US;Advance Auto Parts;Attn  Merchandise Accts. Payable;P.O. Box 2710;                                        ;VA;24001
10017828;Cypress;US;PO Box 762;                                        ;Não Informado;                                        ;CA;90630
10018129;ZI 1 Ducos;IR;Rue Champion;                                        ;Não Informado;                                        ;;            
10018146;Fort Macleod;CA;Box 1178;                                        ;Não Informado;                                        ;AB;T0L 0Z0
10018363;Panama Rep De Panama;IR;EDIF N 4141;-Apdo Postal 642 Zona 9--A-;Não Informado;                                        ;;            
10018371;-00--394 Warsaw-;UK;Solec 44;                                        ;Não Informado;                                        ;;            
10018580;Beaumont;US;PO Box 790;                                        ;Não Informado;                                        ;TX;77704
10018603;Dubai;UK;PO Box 12932;                                        ;Não Informado;                                        ;;            
10018623;Laurel;US;17 Perry Road;                                        ;Não Informado;                                        ;MS;39440
10018628;Tigard;US;12805 SW 77th Place;                                        ;Não Informado;                                        ;OR;97223
10018644;Overland Park;US;Attention  Accounts Payable Department;PO Box 12990;Não Informado;                                        ;KS;-66282--2990-
10018665;Wester Chester;US;1028 Saunders Lane;                                        ;Não Informado;                                        ;PA;19380
10018867;Flint;US;2400 R E O Drive;                                        ;Não Informado;                                        ;MI;48507
10018868;                         ;AU;PO Box 871 Safat;                                        ;Não Informado;                                        ;;            
10018871;Livonia;US;Field Accounting Department;PO Box 2003;Não Informado;                                        ;MI;48151
10018877;Beirut;AU;Dagher Plast Building 17;Baizoob Area;Não Informado;                                        ;;            
10018885;Pocatello;US;128 So. 2nd Avenue;                                        ;Não Informado;                                        ;ID;83201
10018890;St. Cloud;US;18 North East 7th Avenue;                                        ;Não Informado;                                        ;MN;56304
10019105;Mechanicsville;US;6029 Mechanicsville Pike;                                        ;Não Informado;                                        ;VA;23111
10019109;Sacramento;US;Sacramento PDC #13;Attention  Accounts Payable;PO Box 15279 C;                                        ;CA;-95851--1297-
10019150;Jacksonville;US;Jacksonville PDC #21;Attention  Accounts Payable;PO Box 23017;                                        ;FL;-32241--3017-
10019388;Ft Collins;US;1101 N College Avenue;                                        ;Não Informado;                                        ;CO;80524
10019400;Valparaiso;US;861 West US Highway 30;                                        ;Não Informado;                                        ;IN;46385
10019410;Edmonton;CA;6710 76 Avenue;                                        ;Não Informado;                                        ;AB;T6B 0A8
10019420;Ruwi;IR;-PO Box 880 PC--112-;                                        ;Não Informado;                                        ;;            
10019617;Spring;US;2445 FM 2920;                                        ;Não Informado;                                        ;TX;77388
10019664;MOLINE;US;PO BOX 8808;C/O APSS;Dept. 551;                                        ;IL;-61266--8808-
10019665;Hammond;US;7940 New Jersey Avenue;                                        ;Não Informado;                                        ;IN;46323
10019678;Sacramento;US;3248 Auburn Boulevard;                                        ;Não Informado;                                        ;CA;95821
10019682;Lennox;US;PO Box 409;                                        ;Não Informado;                                        ;SD;57039
10019879;Duluth;US;3564 Buford Highway;                                        ;Não Informado;                                        ;GA;30096
10019880;Somerset;US;New York PDC #20;Attention  Accounts Payable;PO Box 6750;                                        ;NJ;-08873--6750-
10019897;El Paso;US;7210 Gateway East;                                        ;Não Informado;                                        ;TX;79915
10019900;Sacramento;US;3248 Auburn Boulevard;                                        ;Não Informado;                                        ;CA;95821
10019909;Shawano;US;500 Airport Drive;                                        ;Não Informado;                                        ;WI;54166
10019913;Calgary;CA;10901 Macleod Trail South;                                        ;Não Informado;                                        ;AB;T2J 4L3
10019942;New Castle;US;299 East Country Road 300 South;                                        ;Não Informado;                                        ;IN;47362
10020171;Morgantown;US;1537 Sabraton Ave;                                        ;Não Informado;                                        ;WV;26505
10020181;D 95326 Kulmbach;UK;Am Schwimmbad 8;Postfach 2008;Não Informado;                                        ;;            
10020184;Smyrna;US;Corporation USA;Nissan Drive;Não Informado;                                        ;TN;37167
10020192;Sacramento;US;3248 Auburn Boulevard;                                        ;Não Informado;                                        ;CA;95821
10020193;                         ;UK;                                        ;                                        ;Não Informado;                                        ;;            
10020388;Glen Burnie;US;7216 Ritchie Highway;                                        ;Não Informado;                                        ;MD;21061
10020390;Lansing;US;16241 South Us 27;                                        ;Não Informado;                                        ;MI;48906
10020393;Fort Collins;US;2649 East Mulberry Street;                                        ;Não Informado;                                        ;CO;80524
10020413;Okarche;US;PO Box 447;                                        ;Não Informado;                                        ;OK;73762
10020445;Rapid City;US;PO Box 80;                                        ;Não Informado;                                        ;SD;57709
10020446;Pontiac;US;Worldwide Purchasing;1999 Center Point Parkway;-Mail Code 483--550--200-;                                        ;MI;48341
10020448;Regina;CA;1155 Mackay Street;                                        ;Não Informado;                                        ;SK;S4N 4X9
10020449;Santiago;UK;Attention: Rodrigo Yrarrazaval;Jose M Infante 2320 Nunoa;Não Informado;                                        ;;            
10020639;Tulsa;US;PO Box 3445;                                        ;Não Informado;                                        ;OK;-74101--3445-
10020647;Mechanicsburg;US;Attention: Mr. Bob Smeigh;712 West Main Street;Não Informado;                                        ;PA;17055
10020662;Jakarta Utara;AU;Kelapa Gading Kirana;-Blok H13 Number 30--31-;Não Informado;                                        ;;            
10020663;Sparks;US;540 South Rock Boulevard;                                        ;Não Informado;                                        ;NV;89431
10020672;-N--0598 Oslo-;IR;Brobekkveien 105;                                        ;Não Informado;                                        ;;            
10020684;Montgomery;US;5415 Lamco Drive;                                        ;Não Informado;                                        ;AL;36117
10020715;Linares (Jaen);UK;Avda 10 De Mayo S/N;                                        ;Não Informado;                                        ;;23700
10020907;                         ;UK;                                        ;                                        ;Não Informado;                                        ;;            
10020909;Canton;US;Attention: Accounts Payable Department;PO Box 8844;Não Informado;                                        ;OH;-44711--8844-
10020914;Calhoun;US;PO Box 547;                                        ;Não Informado;                                        ;LA;-71225--0547-
10020915;McHenry;US;2600 West Route 120;                                        ;Não Informado;                                        ;IL;60050
10020927;Sidney;US;One Cabela Drive;Attention: Accounts Payable;Não Informado;                                        ;NE;69160
10020931;Bozeman;US;PO Box 549;                                        ;Não Informado;                                        ;MT;59715
10020962;Mercer;US;7320 West Market Street;                                        ;Não Informado;                                        ;PA;16137
10021139;Livonia;US;PO Box 3382;Attention  Accounts Payable;Não Informado;                                        ;MI;48151
10021145;Brookhaven;US;1127 South First Street NE;                                        ;Não Informado;                                        ;MS;39601
10021158;Surrey;CA;-#9 -- 19257 Enterprise Way-;                                        ;Não Informado;                                        ;BC;-V35--6J8-
10021175;Johnson City;US;PO Box 5418;                                        ;Não Informado;                                        ;TN;-37602--5418-
10021179;El Cajon;US;316 Millar Avenue;                                        ;Não Informado;                                        ;CA;92020
10021184;Aurora;US;14312 Stenbock Way NE #F;                                        ;Não Informado;                                        ;OR;97002
10021185;Tigard;US;7440 South West Bonita Road;                                        ;Não Informado;                                        ;OR;97224
10021203;Costa Mesa;US;Los Angeles PDC #14;Attention   Accounts Payable;PO Box 5555;                                        ;CA;-92626--5555-
10021204;Toronto;CA;480 Gordon Baker Road;                                        ;Não Informado;                                        ;ON;M2H 3B4
10021222;Buffdale;US;14296 South Pony Express Road;                                        ;Não Informado;                                        ;UT;84065
10021223;Wayne;US;Michigan Truck Plant;38303 Michigan Avenue;Não Informado;                                        ;MI;48184
10021231;Middlebury;US;PO Box 460;                                        ;Não Informado;                                        ;IN;46540
10021412;Clackamas;US;13101 SE 84th ave;Suite B;Não Informado;                                        ;OR;-97015--9733-
10021415;Indianopolis;US;100 Gasoline Alley  Suite A;                                        ;Não Informado;                                        ;IN;46222
10021418;Wheatridge;US;10930 West 44th Avenue;                                        ;Não Informado;                                        ;CO;80033
10021422;Brea;US;3251 East Imperial Highway;Distributor #1111190;Não Informado;                                        ;CA;92621
10021458;Casper;US;1817 East Yellowstone;                                        ;Não Informado;                                        ;WY;82601
10021459;Olive Branch;US;Memphis PDC #19;Attention   Accounts Payable;PO Box 786;                                        ;MS;-38654--3703-
10021470;Wrightsville;US;815 Hellam Street;                                        ;Não Informado;                                        ;PA;17368
10021472;Surrey;CA;9475 192 Street;                                        ;Não Informado;                                        ;BC;V3T 4W2
10021485;Hamel;US;FOB: Clackamas;Attention: Accounts Payable Department;PO Box 47700;                                        ;MN;-55340--0700-
10021668;Independence;US;13208 East 40 Highway;                                        ;Não Informado;                                        ;MO;64055
10021673;Grand Rapids;US;2700 Northern Drive South East;                                        ;Não Informado;                                        ;MI;49512
10021677;Tokyo 171;AU;-1--2--4 Takamatsu-;-Toshima--Ku-;Não Informado;                                        ;;            
10021911;Te Rapa Hamilton;US;Cnr Avalon Drv & Tasman Road;PO Box 20077;Não Informado;                                        ;MS;            
10021911;Tupelo;US;PO Box 2187;                                        ;Não Informado;                                        ;MS;-38803--2187-
10021936;Louisville;US;7779 Dixie Highway;                                        ;Não Informado;                                        ;KY;40258
10021962;Hodgdon;US;99 Calais Road;                                        ;Não Informado;                                        ;ME;4730
10021977;Overland Park;US;Attention  Accounts Payable Department;PO Box 12990;Não Informado;                                        ;KS;-66282--2990-
10021986;Livonia;US;-S&PD--Special Accounts Sales-;PO Box 537940;Não Informado;                                        ;MI;-48153--7940-
10021996;Milton;US;8 N Industrial Park Road;                                        ;Não Informado;                                        ;PA;17847
10022167;Georgetown;AU;PO Box 10361;                                        ;Não Informado;                                        ;;            
10022168;Cass City;US;PO Box 113;                                        ;Não Informado;                                        ;MI;48726
10022183;Breckenridge;US;1760 C Airport Road;                                        ;Não Informado;                                        ;CO;80424
10022201;Carcas;UK;Av Blandin Chacao;                                        ;Não Informado;                                        ;;            
10022240;Mississauga;CA;1665 Shawson Drive;                                        ;Não Informado;                                        ;ON;L4W 1T7
10022249;Shelby;US;201 Old Boiling Springs Road;                                        ;Não Informado;                                        ;NC;28152
10022252;Crestwood;US;13907 S Kostner Avenue;                                        ;Não Informado;                                        ;IL;-60445--2205-
10022423;Cincinnati;US;12110 Best Place;                                        ;Não Informado;                                        ;OH;45241
10022431;Vinton;US;845 Third Street;                                        ;Não Informado;                                        ;VA;24179
10022434;Placentia;US;PO Box 958;                                        ;Não Informado;                                        ;CA;92670
10022444;Livonia;US;Detroit Technical Center;37002 Industrial Road;Não Informado;                                        ;MI;48150
10022450;Overland Park;US;Attention  Accounts Payable Department;PO Box 12990;Não Informado;                                        ;KS;-66282--2990-
10022456;Rancho Cordova;US;3340 A Sunrise Boulevard;                                        ;Não Informado;                                        ;CA;-95742--7316-
10022470;Ormond Beach;US;Attention: Linda;100 Business Center Drive;Não Informado;                                        ;FL;32176
10022490;Overland Park;US;Attention  Accounts Payable Department;PO Box 12990;Não Informado;                                        ;KS;-66282--2990-
10022678;Richmond;US;PO Box 24217;                                        ;Não Informado;                                        ;VA;23224
10022687;Burnaby;CA;5325 Still Creek Road;                                        ;Não Informado;                                        ;BC;V2X 3K6
10022725;Norcross;US;1723 Webb Drive;                                        ;Não Informado;                                        ;GA;30093
10022730;Warren;US;21533 Mound Road;                                        ;Não Informado;                                        ;MI;-48091--2991-
10022732;Lake Hamilton;US;PO Box 900;                                        ;Não Informado;                                        ;FL;33851
10022746;A 5102 Anthering;UK;Landstrasse 18;                                        ;Não Informado;                                        ;;            
10022750;Watervliet;US;8300 Lane Drive;                                        ;Não Informado;                                        ;MI;49098
10022755;Johannesburg;AU;PO Box 86222;City Deep 2049;Não Informado;                                        ;;            
10022764;Ocala;US;2610 NW 10th Street;                                        ;Não Informado;                                        ;FL;34475
10022978;                         ;UK;                                        ;                                        ;Não Informado;                                        ;;            
10023003;Coldwater;US;400 Jay Street;                                        ;Não Informado;                                        ;MI;49036
10023022;Surrey;CA;18412 96 Avenue;                                        ;Não Informado;                                        ;BC;V4N 3P8
10023023;Thief River Falls;US;600 South Brooks Avenue;                                        ;Não Informado;                                        ;MN;56701
10023212;Medford;US;c/o Tom's Bronco Parts;2294 Sage Road;Não Informado;                                        ;OR;97501
10023221;Overland Park;US;Attention  Accounts Payable Department;PO Box 12990;Não Informado;                                        ;KS;-66282--2990-
10023235;Houston;US;7600 South Santa Fe;                                        ;Não Informado;                                        ;TX;77061
10023241;North Little Rock;US;7700 Counts Massie Road;                                        ;Não Informado;                                        ;AR;72113
10023244;Cleveland;US;PO Box 899;                                        ;Não Informado;                                        ;MS;-38732--0899-
10023275;Portland;US;PO Box 30659;                                        ;Não Informado;                                        ;OR;97294
10023447;Tulsa;US;Attention:  Accounts Payable;1624 North 71st East Avenue;Não Informado;                                        ;OK;74115
10023471;Odessa;US;915 West 42nd;                                        ;Não Informado;                                        ;TX;79764
10023489;Sacramento;US;3248 Auburn Boulevard;                                        ;Não Informado;                                        ;CA;95821
10023509;Tampa;US;513 West Waters Avenue;                                        ;Não Informado;                                        ;FL;33604
10023510;Ham Lake;US;15625 Highway North East;                                        ;Não Informado;                                        ;MN;55304
10023511;-Schiphol--Rijk-;IR;Bellsingel 2 1119NV;                                        ;Não Informado;                                        ;;            
10023513;Stockton;US;640 N Eldorado Street;                                        ;Não Informado;                                        ;CA;95205
10023516;Miami;US;2900 Northwest 73rd Street;                                        ;Não Informado;                                        ;FL;33147
10023524;Clemson;US;PO Box 1006;                                        ;Não Informado;                                        ;SC;29633
10023538;Fort Worth;US;Attention: Accounts Payable;4900 Alliance Gateway Freeway;Não Informado;                                        ;TX;76177
10023703;Istanbul;AU;DUMEN SOK. No:3 D.9;GUMUSSUYU;Takism;                                        ;;80090
10023715;Plainfield;US;Central Division;PO BOX 600;Não Informado;                                        ;IN;-46168--0600-
10023759;Birmingham;US;106 B David Green Road;                                        ;Não Informado;                                        ;AL;35244
10023760;North Hampton;US;60 Lafayette Road;                                        ;Não Informado;                                        ;NH;3862
10023778;Hillsboro;US;PO Box 70;                                        ;Não Informado;                                        ;OR;97123
10023780;Asuncion;UK;Av Eusebio Ayala 3321;                                        ;Não Informado;                                        ;;-33126--1214-
10023783;Pine Bluff;US;PO Box 7647;                                        ;Não Informado;                                        ;AR;-71611--7647-
10023785;Columbus;US;Defense Const. Supply Center;PO Box 16791;Não Informado;                                        ;OH;43216
10023793;Holden;US;PO Box 249;                                        ;Não Informado;                                        ;LA;70744
10024003;Benicia;US;Attention:  Accounts Payable;5500 East Second Street 2nd Floor;Não Informado;                                        ;CA;-94510--1020-
10024006;Columbiana;US;PO Box 57;                                        ;Não Informado;                                        ;OH;44408
10024009;Tulsa;US;PO Box 582510;                                        ;Não Informado;                                        ;OK;-74158--2510-
10024010;Mitchell;US;Attention:  Accounts Payable;300 East Norway Avenue;Não Informado;                                        ;SD;-57301--7064-
10024016;Kanagawa;AU;-1--16--33 Kotsubo Zushi-;                                        ;Não Informado;                                        ;;-249--0008-
10024022;Irvine;US;9950 Jeronimo Road;Attention: Sohaila;Não Informado;                                        ;CA;92618
10024034;Edmonton;CA;16215 118th Avenue;                                        ;Não Informado;                                        ;AB;T5V 1C7
10024246;East Providence;US;580 Waterman Avenue;                                        ;Não Informado;                                        ;RI;2914
10024248;Portland;US;9440 North Whitaker Road;                                        ;Não Informado;                                        ;OR;97217
10024255;Pontiac;US;Division Of Pontiac Michigan;-17575 PP--CPDC-;1251 Joslyn Road Dock 4;                                        ;MI;-48340--2956-
10024260;Spokane;US;PO Box 13056;                                        ;Não Informado;                                        ;WA;-99213--3056-
10024262;Oakland;US;124 Hegenberger Loop;                                        ;Não Informado;                                        ;CA;94621
10024270;Maxwell;US;PO Box 1010;                                        ;Não Informado;                                        ;CA;95955
10024477;Santa Cruz;UK;Modulo 2 Manzana 27;Parque Industrial;Não Informado;                                        ;;            
10024492;Tonawanda;US;Cache Border Services;2221 Kenmore Avenue;Não Informado;                                        ;NY;14207
10024499;Houston;US;8302 Jet Pilot;                                        ;Não Informado;                                        ;TX;77075
10024524;New Hampton;US;PO Box 511;                                        ;Não Informado;                                        ;IA;50659
10024541;Bedford;US;Americas Body Company;PO Box 46539;Não Informado;                                        ;OH;44146
10024550;Appleton;US;PO Box 2017;                                        ;Não Informado;                                        ;WI;54913
10024725;Jasper;US;PO Box 174;                                        ;Não Informado;                                        ;TX;75951
10024743;Enumclaw;US;907 Cole Street;                                        ;Não Informado;                                        ;WA;98022
10024999;Andover;US;RR 2 BOX 9;                                        ;Não Informado;                                        ;SD;-57422--8811-
10025021;Depere;US;1151 W Main;                                        ;Não Informado;                                        ;WI;54115
10025022;West Midlands;UK;Bromley St Lye Stourbridge;                                        ;Não Informado;                                        ;;DY9 8HS
10025023;Saskatoon;CA;815 Circle Drive East;                                        ;Não Informado;                                        ;SK;S7K 3S4
10025025;Auburn;US;2402 West Valley Highway North;                                        ;Não Informado;                                        ;WA;98001
10025032;Montreal;CA;c/o Rampar International Trade Corp.;6260 Place Northcrest Suite 305;Não Informado;                                        ;QU;H3S 2T4
10025033;Billings;US;226 North 13th;                                        ;Não Informado;                                        ;MT;59101
10025034;Corona;US;395 Smitty Way;                                        ;Não Informado;                                        ;CA;91720
10025036;Kansas City;US;1920 East Front Street;                                        ;Não Informado;                                        ;MO;-64139--1538-
10025037;San Marcos;US;725 North Twin Oaks Valley Road;                                        ;Não Informado;                                        ;CA;92069
10025038;Mechanicsburg;US;PO Box 568;                                        ;Não Informado;                                        ;PA;17055
10025039;Mentor;US;9049 Tyler Blvd.;                                        ;Não Informado;                                        ;OH;44060
10025040;San Antonio;US;6127 San Pedro Avenue;                                        ;Não Informado;                                        ;TX;78216
10025049;Milwaukie;US;13270 SE Pheasant Court;                                        ;Não Informado;                                        ;OR;97222
10025051;Anchorage;US;1301 East 64th Avenue;                                        ;Não Informado;                                        ;AK;99518
10025052;Songtan SI;AU;-150--3 Chilkei--Dong-;                                        ;Não Informado;                                        ;;-459--050-
10025061;Canton;US;PO Box 80509;                                        ;Não Informado;                                        ;OH;44708
10025062;Bedford Hills;US;731 North Beford Road;                                        ;Não Informado;                                        ;NY;10507
10025063;                         ;UK;Private Mail Bag 53;St Peters NSW 2044;Não Informado;                                        ;;            
10025237;Oakville;CA;Central Accounting Service;PO Box 2900;Não Informado;                                        ;ON;L6J 5E6
10025238;San Diego;US;4567 Federal Boulevard;                                        ;Não Informado;                                        ;CA;92102
10025239;                         ;UK;                                        ;                                        ;Não Informado;                                        ;;            
10025241;Hamamatsu City;AU;-RU--3 Hamamatsu Nishi-;PO Box 1;Não Informado;                                        ;;-432--8611-
10025242;Seoul;AU;Parts Division;-140--2 Kye--Dong-;-Chongro--Ku-;                                        ;;-110--793-
10025243;Longview;US;PO Box 5308;                                        ;Não Informado;                                        ;TX;75608
10025246;Winnepeg;CA;515 Oak Point Highway;                                        ;Não Informado;                                        ;MB;R2R 1V2
10025247;Pittsburgh;US;390 Fountain Street;                                        ;Não Informado;                                        ;PA;15238
10025248;Kent;US;730 North Central;                                        ;Não Informado;                                        ;WA;98032
10025249;Memphis;US;7221 Highway 64;                                        ;Não Informado;                                        ;TN;38133
10025250;Ooltewah;US;8503 Hilltop Drive;                                        ;Não Informado;                                        ;TN;37363
10025251;Wooster;US;A Scott Fetzer Company;3201 West Old Lincoln Way;Não Informado;                                        ;OH;44691
10025252;Elkhart;US;PO Box 4405;                                        ;Não Informado;                                        ;IN;46514
10025264;Tuscon;US;3545 South Richey Boulevard;                                        ;Não Informado;                                        ;AZ;85713
10025269;Overland Park;US;Attention  Accounts Payable Department;PO Box 12990;Não Informado;                                        ;KS;-66282--2990-
10025284;Hayward;US;19745 Meekland Avenue;                                        ;Não Informado;                                        ;CA;94541
10025285;Chattanooga;US;2401 East 31st Street;PO Box 72638;Não Informado;                                        ;TN;37407
10025287;Brookfield;US;PO Box 366;                                        ;Não Informado;                                        ;WI;53008
10025288;Furstentum;AU;Kirchstrasse 39;FL 9490 Vaduz;Não Informado;                                        ;;            
10025289;Fresno;US;3631 South Bagley Avenue;                                        ;Não Informado;                                        ;CA;93725
10025291;Dover;US;217 West 3rd Street;                                        ;Não Informado;                                        ;OH;44622
10025296;Sun Prairie;US;666  South Thompson Road;                                        ;Não Informado;                                        ;WI;-53590--2553-
10025298;Toronto;CA;1111 Finch Avenue West;Unit #22;Não Informado;                                        ;ON;M3J 2E5
10025299;Montreal;CA;-6260 -- Place Northcrest Suite 305-;                                        ;Não Informado;                                        ;QU;H3S 2T4
10025300;West Sayville;US;Attention: Paul Grady;105 Montauk Highway;Não Informado;                                        ;NY;11796
10025302;Tulsa;US;4345 South West Boulevard;                                        ;Não Informado;                                        ;OK;74107
10025304;                         ;UK;                                        ;                                        ;Não Informado;                                        ;;            
10025305;Colorado Springs;US;4260 North Nevada Avenue;                                        ;Não Informado;                                        ;CO;80907
10025495;Birmingham;US;PO Box 100603;                                        ;Não Informado;                                        ;AL;35210
10025508;Moncton;CA;1809 Main Street;                                        ;Não Informado;                                        ;NB;E1E 1H5
10025511;Anchorage;US;3100 Mt. View Drive;                                        ;Não Informado;                                        ;AK;99501
10025515;Jackson;US;3650 Bay Street;                                        ;Não Informado;                                        ;MS;39213
10025549;Shady Grove;US;PO Box 21;                                        ;Não Informado;                                        ;PA;-17256--0021-
10025552;Southfield;US;Order Processing Group;25140 Lahser Road Suite 282;Não Informado;                                        ;MI;48034
10025558;Little Rock;US;6104 Young Road;                                        ;Não Informado;                                        ;AR;72209
10025560;Cramerton;US;125 Hampton Ct.;                                        ;Não Informado;                                        ;NC;28032
10025571;Des Moines;US;PO Box 3283;                                        ;Não Informado;                                        ;IA;-50316--0283-
10025575;Beamsville;CA;PO Box 640;                                        ;Não Informado;                                        ;ON;L0R 1B0
10025583;Nesquehoning;US;One Industrial Complex;                                        ;Não Informado;                                        ;PA;18240
10025587;Phoenix;US;PO OB 20141;                                        ;Não Informado;                                        ;AZ;85036
10025758;Oklahoma City;US;4532 Enterprise Drive;                                        ;Não Informado;                                        ;OK;73128
10025769;Redding;US;850 Commerce Street;                                        ;Não Informado;                                        ;CA;96002
10025771;Waldorf;US;Southern Maryland 4 X 4 Inc;2588 Old Washington Road;Não Informado;                                        ;MD;20601
10025778;Pomona;US;1143 W 2nd Street;                                        ;Não Informado;                                        ;CA;91766
10025791;Prineville;US;PO Box 667;                                        ;Não Informado;                                        ;OR;97754
10025808;Bremorton;US;3519 Arsonal Way;                                        ;Não Informado;                                        ;WA;98312
10025814;Houston;US;5300 Glenmont Drive;                                        ;Não Informado;                                        ;TX;77081
10025919;Compton;US;801 West Artesia Boulevard;                                        ;Não Informado;                                        ;CA;90220
10026006;Calgary;CA;308 53 Avenue SE;                                        ;Não Informado;                                        ;AB;T2H 0N3
10026009;                         ;AU;-2 Calle 25--80 Zona -- 15 Vista-;Hermosa II Local 2;Não Informado;                                        ;;            
10026055;Eau Claire;US;5100 Highway 93 South;                                        ;Não Informado;                                        ;WI;54701
10026062;Houston;US;2301 Central Parkway;                                        ;Não Informado;                                        ;TX;77092
10026078;Bedford;US;PO Box 461090;                                        ;Não Informado;                                        ;OH;44146
10026081;Bremen;UK;-Weser Ems Strasse 2--4-;                                        ;Não Informado;                                        ;;-D--28390-
10026268;Surrey;CA;-Unit 403 -- 17665 -- 66A Avenue-;                                        ;Não Informado;                                        ;BC;-V3S--2A7-
10026291;Poplar Bluff;US;1880 N Westwood;                                        ;Não Informado;                                        ;MO;63901
10026299;Dallas;US;334 North Hall Street;                                        ;Não Informado;                                        ;TX;75226
10026336;Columbia;US;PO Box 26;                                        ;Não Informado;                                        ;SC;29202
10026348;Mebane;US;PO Box 220;                                        ;Não Informado;                                        ;NC;27302
10026355;Casper;US;1275 North 6 Mile Road;                                        ;Não Informado;                                        ;WY;82604
10026521;Quezon City;IR;97 Banawe Street;                                        ;Não Informado;                                        ;;1114
10026522;Fairmount;US;-4353 W 1900 N--48-;                                        ;Não Informado;                                        ;IN;46928
10026532;Garner;US;500 Highway 18 West;                                        ;Não Informado;                                        ;IA;50438
10026536;Alexandria;US;3241 South Lower Tug Fork Road;                                        ;Não Informado;                                        ;KY;41001
10026560;Dearborn;US;Central Accounting Service;PO Box 6005;Não Informado;                                        ;MI;48121
10026581;Savannah;US;PO Box 22249;                                        ;Não Informado;                                        ;GA;31403
10026606;Dearborn;US;Central Accounting Service;PO Box 6005;Não Informado;                                        ;MI;48121
10026839;Greenwood;US;1201 Sycamore Avenue;                                        ;Não Informado;                                        ;MS;38930
10026843;Tulare;US;100 East Inyo;                                        ;Não Informado;                                        ;CA;93274
10026861;Salt Lake City;US;2280 South State Street;                                        ;Não Informado;                                        ;UT;84115
10026868;Valencia;UK;Aut Reg Del Centro Valencia;A Pto Cabello Dist Naguanagua;Centro Comercial;IL Portico;;            
10027050;Milwaukie;US;3204 W Mill Road;                                        ;Não Informado;                                        ;WI;53209
10027053;Raleigh;US;PO Box 68;                                        ;Não Informado;                                        ;IL;-62977--0068-
10027082;Edmonton;CA;9111 41 Avenue;                                        ;Não Informado;                                        ;AB;T6E 5V2
10027119;                         ;UK;                                        ;                                        ;Não Informado;                                        ;;            
10027340;Salem;US;63 Bridge Street;                                        ;Não Informado;                                        ;MA;1970
10027348;Tampa;US;6501 Adamo Drive;                                        ;Não Informado;                                        ;FL;33619
10027356;Grand Rapids;US;910 North East 4th Street;                                        ;Não Informado;                                        ;MN;55744
10027370;Madrid;UK;General Pardinas 112 Bis;                                        ;Não Informado;                                        ;;28006
10027381;Tumwater;US;2649 R W Johnson Boulevard;                                        ;Não Informado;                                        ;WA;98512
10027560;Odessa;US;3356 Kermit Highway;                                        ;Não Informado;                                        ;TX;79764
10027572;Elma;US;2210 Bowen Road;                                        ;Não Informado;                                        ;NY;14059
10027575;Dallas;US;10400 Plano Road;                                        ;Não Informado;                                        ;TX;75238
10027583;Morton;US;Attention: Charlene Hoyer;500 North Morton Avenue;PO Box 474;                                        ;IL;-61550--0474-
10027629;Dearborn;US;Central Accounting Service;PO Box 6005;Não Informado;                                        ;MI;48121
