pk_clientes;business_family;business_unit;customer;customer_type;line_of_business;regional_sales_mgr;search_type
fd46da269fd4e49a70b241eac5f1fb79b022a770cd08f25300b8bed2ba41034d;R3;1;Aadast Shop;G1;M1;S19;C
e5e79c1328b2b131dd70482719f47b165779534bdfb804bcba58babf530224e9;R3;1;We Market;G2;Não informado;S3;C
2560f5f0e66ca3d88386185a7106ce65461562d7e10d3fe56c7f5e263fd6d3fc;R2;1;R&J Shop;G2;Não informado;S11;C
60d9460de06b0432e3e4066eea0808bf164421107f59201b01a8aa3e99f75608;R3;1;DCS Market;G2;Não informado;S16;C
848b7395ab724101196b489f34e10afc93a7215fadc4018d0ba28d923fb14f74;R1;1;Crew Superstore;G2;Não informado;S20;C
d8195535141076738d152b80b8d9dac7e1ac1521a07e836db6ffc7f6e32a3d72;R2;1;LiveWORLD Shop;G2;Não informado;S5;C
c7d5eb785801c3f29f06784de5bfdcaa200820301d996e3007a65fd857e2c84f;R3;1;U.S. Market;G2;Não informado;S1;C
bec33e5ed5e74900ed1d1a68d590f338fc93616d55b89d1da357345ec99e47b6;R3;1;Xyratex Shop;G1;M1;S16;C
8eef4e6b3f95eb186ba083cb7b52be80357bbe8acb17bb69c6818b3b2d5218bc;R3;1;Ready-to-Run Shop;G2;M1;S16;C
4d323444b94076a60c09101bcf2054f9e9510dbab74719b2ee710554de326155;R3;1;Razorfish Shop;G2;Não informado;S16;C
1bcbace98accb0836980060512293ec06f82701efb64a8354298189e1648863e;R3;1;C Market;G2;Não informado;S16;C
2440f8658758dca0fb5abb8db77c4c7be95f401d1028d90fd476205260f60fc4;R2;1;Telesat Supermarket;G2;Não informado;S5;C
09c3989243c37e49808c2ff0bbf7b5ae7c9d351816c61d89ee3e1fe1faeb2a6c;R3;1;Teamaker Shop;G2;Não informado;S16;C
ef557d8fc3aeec3d757dc71925a644afc289dc07677a33a659c1d679fb3ec1a4;R3;1;Trend Market;G2;Não informado;S16;C
d5397c9134b2a87c9b7f30a0589f470898f57c399b7aeeb2c77492819ef46d49;R2;1;Scottish Supermarket;G2;Não informado;S2;C
125ca9d245692b480434a55314f88f4f1870bda3e863c45cdf1c08d3a10b44ce;R3;1;Hederman Supermarket;G1;M1;S19;C
bb93f60f6a4fc3cb5aecb298e70e56fb0fec9052a910fba0e645cabb7006104e;O1;1;WDND Shop;G2;Não informado;S5;C
df296187539b97597a715aa16f71e3662b3a9e3b37bf0a7647b66e5779b00a77;R3;1;N.Graphics Shop;G2;Não informado;S16;C
ef68ec04e829d975badf0c88c992f56a05e64b5732e74dbebc2423fa15d827bd;R3;1;CAPCON Shop;G2;Não informado;S1;C
fac352f54180e05f9e14cf68a2f4b098625b0b87d2ba3f78a920531cb589d992;R3;1;Camros Shop;G1;M1;S16;C
729c3dba5a413b06c12d41e2289cc50abdb6eaece62310950f7aa816cb27cb77;R3;1;Deere Store;G1;M1;S19;C
138fd9afa0c9e1f5e61a087628aac09774204c277068181bcbb86f8431cbf6a0;R3;1;Taroch Mexistore;G1;M1;S19;C
81819d33025e1130db129dfeba6034c141bcf44cfff3fea874527b01d851e93a;R3;1;Kellys Gigastore;G2;Não informado;S16;C
0bafa2cfc075c7a36fe1e219c609d2248d7df86f031744479fb397a656f8245f;R3;1;Helfand Store;G1;M1;S19;C
c838bc00085a162b97b1e6d5bd2e0620727befec4a6ab3116c204e863b0cfa20;R2;1;Abbott Shop;G2;Não informado;S5;C
1c2bdd7f8a33ea72c3ff8f720cde63f2d98d161f2f689153ac050aedcbdb22f7;R3;1;Real Supermarket;G1;M1;S19;C
4f6c7f4a1da4106f064ed5e20e9b04a3f1bac4740bda2bf914a4cd2f14f40319;R1;1;Lee Megastore;G2;Não informado;S20;C
e6b3daa49ee146999f7bee042ac1c3a78046e924fdb0686de518d052c746d409;R3;1;Earth Shop;G2;Não informado;S16;C
fba2f3a3055c7f242e944f4177d69dc1903ccd0bf566cbb93044f69065555805;R3;1;Sifton Supermarket;G2;M1;S16;C
80365f59e70f9164228c2997e3332d943feb00434ee1d0cc6c4c10df6220da03;R3;1;hesketh.com Shop;G1;M1;S19;C
0910bfc4af16f1e9724157acdd0918903eef17d646db5a309e91cf54432cf22c;R2;1;EDS Shop;G2;Não informado;S9;C
5e08094377792f38d9851d7d85f688cd8bb9d9d226c82d33041f2b0241097523;R1;1;Harts Superstore;G3;Não informado;S2;C
f272d498a812769453e2874245a466425de0b9baac7ae2f124f0a74d49416874;R3;1;Labatt Supermarket;G2;M1;S16;C
36d580391c0788d46b65dd7ae8fe4b7e610f770fdb0949eb2c4e8cbbf0d3d286;R3;1;J.M. Market;G1;M1;S19;C
ea26915976d9990d855f815f44f11d274fbcf0c1396b8e934555d3961b377154;R3;1;Southern Supermarket;G2;Não informado;S9;C
5166538694ee83520fedb73bacd0823e559a047a89ff7cafad28bc4df01f763a;R3;1;Pathlight Market;G2;Não informado;S1;C
b521152cf6c5098e04711218f146ed3fe81267aad4f5ec6c0af97e74d5fb36ab;R3;1;Target Store;G2;Não informado;S9;C
3439439b4ff8da0b51ef64ffb74089b54163e672b97726e868a2e8b858bf3434;O2;1;Ventana Maxistore;G1;Não informado;S1;C
89af6dfb68ecbb6dbf6dcef0caac8d4cd8e1b63de710cf260025e0059b29326c;R3;1;Cam-Built Supermarket;G2;Não informado;S1;C
919d24fd32dcb0341bccc375d0e83701f928fb65ac5c8717bdb50dc38ff0f6dd;R3;1;Hershey Supermarket;G2;Não informado;S1;I
58d9df9abdd303fee3a15296a44a99991369a34abe81df82fcf25866289dc1bd;O2;1;Teamsolve Shop;G1;Não informado;S1;C
7467fba22204aafb4b25b89ad75ee39320687b7efbddf88b4c77c324ae9320b5;R1;1;Pacific Store;G3;Não informado;S4;C
91b1e0a4cb73ab7368450fcb810b8e2fa745b48b6e77b60f1c232f54c17a3bed;R3;1;Robust Store;G2;Não informado;S16;C
9b3c124c0afcc439b7509102532d9e5c20ca038cff738608eafd43d08a45cbc7;R3;1;Metro-Goldwyn-Mayer, Supermarket;G2;Não informado;S1;C
4dde07396bbf5fbf7ed9fa2aac54405d491ed27364115f4679c0bb9c0e195462;R2;1;Haz-Mat Store;G2;Não informado;S5;C
6383e7e27a8c10f0e78dd937927701d8f63a7d2ee55c798220120f14088f2684;R3;1;Ubicco Shop;G2;Não informado;S16;C
efdcf321d9db593eeddcc7fc3135d8e5773fba1deecd461979585793c452048c;R3;1;SAIC Supermarket;G2;Não informado;S16;C
a901e46d85cb8658baeab00b70cd312108262bff59365f9533f8eba96ba1f3c5;R3;1;TECC Shop;G3;Não informado;S5;C
9af8ce8b5118b7cb2bcf72c2e7a582f42e4fc2be84e2cf9d9fd1e8a34e00358e;R3;1;Bigelow Store;G1;Não informado;S16;C
0a64f725a1124a0fcdd69f2920f8e1d8d5d74edd7961c38d9b001049dcb11a3d;R2;1;Qwest Shop;G2;Não informado;S5;C
a922888c88ddc7d3a199c60da7c4c3ec56b6d495b932efc50481b2b410d69c7a;R3;1;DCS Store;G2;Não informado;S16;C
55941b7e2fe2525dee0864a98778107417d2d55ba5ec7cd9e947f7b9d53c4af1;R3;1;Relcom Shop;G2;Não informado;S16;I
3f41703f170da95bfc9da4fc20f4f3d87dfbe95f714c0288609cb115559487e6;R3;1;Bendix Store;G1;M1;S19;C
1dd6ec42a87022edebb06f327c45dbaa078fdae0fb5c942b6e01648d7f5d6686;R3;1;Id Shop;G1;M1;S16;C
41f3a035ea19629ee3a5fe8be567a8323d58e57f43eb5b5e8149fc48bec9b0d3;R3;1;Parabole Shop;G3;Não informado;S5;C
ca17db5efdd9c34062be3e6806288d6b5d37cc95d76fdaf05b2206d9077f65a2;R3;1;UTStarGate Shop;G2;Não informado;S16;C
01dea635faf18e7f8e843d09487b7d47342eddc2b46ce289736d98861c637ebe;R3;1;De Store;G2;Não informado;S1;C
fb0749963026dcdf290fde181c54a91541ba1091d7864527ce866e0302245868;R3;1;Hennings;G2;M1;S16;C
66bc7462657da9b30e64474e32149ee5932a77675fd4f044d9e8dc5f7634051b;R3;1;CAF Market;G2;Não informado;S16;C
4152c85396dc6d4a9fc0b8eecff1ebbc41eefe077d1c49eda607fdad5432420c;R3;1;Pacific Store;G2;Não informado;S4;C
aa977e7de7f2b25375cbb2242bfafa48d88c0e1e2bae6e61d20764d0a26d0434;R3;1;Sagent Shop;G2;Não informado;S16;C
b41e3e671b9a1937b4c9107750845533fc84ff75a3629a590fdfb65912cd2320;R3;1;UBF Shop;G2;Não informado;S16;C
ab246d12365d4118ff34570174be97924304c611fdbf20eff7bbb056a7af4e39;R3;1;Sigma Supermarket;G2;Não informado;S16;C
1bca677e277a81a6f66295e0e458b81c05fc729932128c0a491d1f4ca9cdc9cd;R2;1;Radio Market;G2;Não informado;S5;C
1f9765bf99de7f9f6a30e36a8a652b6f4d911f060747721ec057e9600ff2527d;R2;1;Maui Store;G2;Não informado;S5;C
dfcc39c923c5fa01c520a26d748603af008985116307913d2eb9c3909c52fea8;R3;1;Guarantee Supermarket;G1;M1;S18;C
3afe32b2f8b371fcd4908b481cd2c62aaa2c2b1094f4e719558646c016289833;R3;1;Biz-comm Shop;G1;M1;S16;C
d74f19dd3b39b12040cf237ee4ff2b998af7c2edbc02bd7d5f60ef3d9daaf807;O2;1;Edmark Shop;G1;Não informado;S1;C
48a8d5bd98bbf57c2e85faf940da29ea262ff6f3de702ba0a714e97e7730da8a;R3;1;Racal-Datacom Shop;G2;M1;S16;C
27bf319f908bc4813999a0a356ef6eb2b6751515512f561a3f5d2f79e2d42174;R3;1;Felidae Enterprises;G2;Não informado;S16;C
19084571dedc871b2ff889ced9142317e055407a87bdee0f96fca8cbce180e7c;R2;1;Tanager Shop;G2;Não informado;S11;C
3a8667dc3974098cf78c3bc21e48dfad7f1343b23ba10cb807f0767490c531b4;R2;1;Debian Shop;G2;Não informado;S5;I
9e60f9717601c5307ffc7479f0d447762280e5d875ad6278e27c67a366384551;R3;1;Bezeq Shop;G1;M1;S18;C
314da9c928fb0230c54e6ec8ad2f524da842025e66b9767603f5ec2442e0805c;R3;1;ACT Supermarket;G2;Não informado;S16;C
d8d1645c0b50f1efa5370afeded97926d87b203c199c6fbf70705ed04846c1f7;R3;1;Geac Shop;G2;Não informado;S16;C
50e136f7c37cb7d177743bfd99b8e16fe173ae8fb59efa0a089090a6cd811142;R3;1;Fimetrics Supermarket;G3;Não informado;S5;C
2237c09af957c1fb7dc773d1ea7f12eda3d78db1c53937921ee11e319c344aec;R3;1;Onebox Shop;G1;Não informado;S16;C
cd93e830261e8cc4386921ca02d98310a735cd4355cd495feb062d197719b373;R3;1;Salias Gigaplace;G2;Não informado;S16;C
1867c878da07ca3c1d1a002d6219a67cfcb9776a37d41260b09d25f2bb53eee9;R3;1;Livezone Supermarket;G3;Não informado;S17;C
396fba66270608ddc4e190eba291e4edb4b86cc9e789c7da8f2e497a94320755;R3;1;Gamacles Shop;G1;M1;S19;C
99aa4fefbec4f27f0059893a782a165bb1e71f6b36fab17b5176596fd43ff49f;R3;1;Data Supermarket;G1;M1;S19;C
90236616d0029e2742a1323ea86a4dd4fd8fa582fab75f32dfe3c25b9fce8d79;O2;1;Target Gigstore;G1;Não informado;S1;C
5f03990d355b88d03a367b19df2528668d74f7f95721e4f2bf49b2349e497eb6;R2;1;Revolutionary Supermarket;G2;Não informado;S5;C
6fc4e23019516263e3a4288f000923c00489fd22a80e2d8f4f50fcb2d9050b9e;R2;1;Edna Megaplace;G2;Não informado;S5;C
001ee4dbac83223be6603209a226cce5d605b122ff2b73ffdfdd679942384790;R3;1;Papyrus Supermarket;G2;Não informado;S16;C
21c86b767605e46f98ae162905ea107b744ec5fac1bd877f209af675b1aef62a;R3;1;Gemini Supermarket;G2;Não informado;S16;C
d163bdf9de66a22f74b97fd7529447d885e6d0d7404dead4e7baf2f1af1dde3a;R2;1;Edify Shop;G2;Não informado;S2;C
7f18277ec8aa2d9c7f12cd71cefc5c92af9b75112cfdbd135ca46c0a8534cb83;R3;1;Saturnus Supermarket;G2;Não informado;S16;C
b7bdf39b233d013d365cdc7865723d24bee1eeded70d55b7bd749a49578e8277;R3;1;Vector USA;G3;Não informado;S5;C
531329b62138ff1f387bd42e9fcbfe4125129fc33fa264aa7255a069ac7c1075;R3;1;Sarcom Shop;G1;M1;S19;C
db00f61b9f388b6a187e62a844c481eaa45ccfc90c4582cb82344e6ee61371da;R3;1;WBM Store;G2;Não informado;S16;C
8d86079750a9769265ca95e1434bb09f5c52131b1692c1e2c517f5518c021a65;R2;1;Capitola Market;G2;Não informado;S5;C
35315a13fd5d8b3d246d3ec8ae72a26a0a7c0060156e7ffe2334b3991db25acb;R3;1;HCHS Shop;G2;Não informado;S16;C
60539b286e2bf5bd80711da34b2cdb6f7550b07861cff31ec052889eb3e8f6fe;R3;1;Home Market;G2;Não informado;S16;C
f29a1c00df1c6db608434ddb53eb58a59268485f05ea437e05e82198378176ba;R1;1;UniPress Shop;G2;Não informado;S20;C
07ea9e696e3c46d15203ed2a22fbcd3e5249e65d7aafb06ae589153f46401b99;R3;1;Unimedya Shop;G3;Não informado;S5;C
62a5403a34485783b5665591a9960591e1aa382fdabd441c48cb4b58da215760;O1;1;Healtheon Shop;G2;Não informado;S5;C
3e1a970a7a811a7e23bbd1d033c3a213d4b3fadaf861a17c30b3e2c63e59531e;R3;1;Champs Gigaplace;G1;M1;S19;C
4dffa4f241cd5054fe050e20e2a048077a8ac9d2e3547bbb9949bbdf27f18f12;R3;1;R&R Store;G2;Não informado;S4;C
6097740a1bbd91c85c410ff7ffcea0aa755efcbc87ac1ae5421bb1f35eefce74;O2;1;Pacific Market;G2;Não informado;S12;C
ccf068dee0a749d7cd3e49e4fb9bbf88370adecbc7bd4068509954be59e8cb47;R3;1;Kensington Market;G2;Não informado;S1;C
f5b5d30597e5cc6cca532a1bc111a474588b19686ea6c9cc39aa1342fd6de498;R3;1;Carden Supermarket;G2;Não informado;S1;C
e113ada803789dadbfb083b64c63e3125d48c69968d230f8bd1f765ac15040a2;R3;1;Pantech Supermarket;G2;Não informado;S1;C
dd0720f128aa4ac807c398a53d18e13b313e111e4ff4c7d6089dbc27c854e94e;R3;1;Active Store;G2;Não informado;S16;C
4f37156bb57a8f149029cc79688722fc90514b68098e74731b4324c3200214a4;R3;1;Finishing Shop;G2;Não informado;S16;C
bde556f506adea73e7fa21e88e0cdbbe71cab0add74e6a076c3c588bc83d8832;R3;1;C Store;G2;Não informado;S16;C
8311c0aea0b8b76a91a073db164e5d77bbcc944a41c0f560f2bb13341602b8b8;R2;1;RC Market;G2;Não informado;S5;C
9e7f31912292b3f4821ad19e31a03f5a3182631e12c418f0c389e765cfc804fd;R3;1;Federated Supermarket;G2;Não informado;S16;C
6c2843c0ac27eb554d18035702b050cf816ab2559ca2fbc31f7c2ca5819e0265;R2;1;WarRoom Store;G3;Não informado;S8;C
239745bc85254b4d39a7e33e6c8978ee65dc2f23884648ed8ef65ac70b10c831;O2;1;Sigma Shop;G2;Não informado;S12;C
eafeb6bcbfa1a9d1afd2e36871a40dcd5f9d3659737e96a6730c77a0b6c7e986;R2;1;Time Supermarket;G2;Não informado;S5;C
0cc4adf106be3bc533f7d32a32b34e5e0a0c33109ea3af4babedf9020ddeaea8;R3;1;Home Superstore;G2;Não informado;S16;C
39b72253ea1a79f1585401a82742eb37148234d0859ceecdc1af85e6c88d72d0;R3;1;E Supermarket;G2;M1;S16;C
5c36658d64a88bc86b59df1685a8d6b48e27c1f6f64cb2b2f76ebe7df9ade5b4;R1;1;Sage Supermarket;G1;Não informado;S13;C
4d21c69023fc99049f05297fa9ed66f14757a1bc83a1492527ab6030f9709a8d;R3;1;BL Supermarket;G2;Não informado;S1;C
bbb9f789d93b81c6ddc9523af4e90f6ca04a4ba52b4fad3be69685bc172498f1;R3;1;Valicert Midstore;G2;Não informado;S16;C
1d6a38c95692f2d4696a5ea37e5916efbfc9a8e67a4b218cba10d5ac3163b0b4;R3;1;Oklahoma Supermarket;G2;Não informado;S1;C
2bd216a65322522d1042fe2d6d23b47e92513baa5c94f2868b3189d3162d54d8;R3;1;David Store;G2;Não informado;S9;C
60a86fa4fa8f06650a7ad0aa2d4160e929ffe91a1859d455f63adbda84ae0361;R3;1;PING Shop;G1;M1;S19;C
de154e3d31e4bfdc0e7cb96e2224d11c55614a393da3e63125825c4d00d017e5;R3;1;Fibronics Shop;G2;Não informado;S16;C
433073d5545f6f92d16c956b6650225b6c73aa7dce579288e4057c253a4784d7;R3;1;Nanao Shop;G3;Não informado;S5;C
3efae76991b138f3751f448c8d12c47269a02a1e52f31a7277e69cb000ced6be;R2;1;Cambio Shop;G2;Não informado;S9;C
9c30f26d8c4224e41961292cf09fc37765710d94601c40cead4b9b1dbc55cf42;R3;1;Zitel Shop;G2;Não informado;S1;C
630a024fcec76cb25479ee7b25896042b8b6134365786bb3babe47ea5b64e018;R1;1;Central Supermarket;G2;Não informado;S11;C
e02df20f89b328ea96729d279dff6747da684a6df6bc754c56412288bc3db469;R3;1;A-2-Z Supermarket;G3;Não informado;S5;C
7865718f4bed7c0db4b4ad2e3f0b075d6acdc6760cf247bccf0c4ab563106601;R3;1;Reuters Supermarket;G2;Não informado;S1;C
371fb5a9286c8025e9e4ef8c1b738a33af0d8f95e55f4e17531cbbbe4096e8ca;R3;1;A Supermarket;G1;Não informado;S19;C
892675d12e854dd7ad444fe0199c39e296c56e8662b99310d72157ac0370a12b;R3;1;Idyllwild Shop;G2;Não informado;S14;C
10b27f4dd621e17d4aaf13d25b2ea705fd6c6ff541188d9769db31ea0eb1e267;O1;1;Onestar Shop;G2;Não informado;S5;C
e3d0fc2b8346ce17bee551ee783ade35663da2f18c865391ffc5b48d8c58d703;R3;1;Markets;G1;M1;S19;C
4afac24d2cdf456208af16899381463139fc5b1334b574db111d67cc1e804d0e;R3;1;Kabbalah Shop;G2;M1;S16;C
25417150a09203b866f0d043e7cc29d7e4884e53c1fe9904be747f7fe13db0a6;R3;1;Pace Shop;G3;Não informado;S5;C
a5a1935aa1c55cea388573e546aa8bd41441e8d49bc8d28bb797d3806b464979;R3;1;Gartner Supermarket;G2;Não informado;S16;C
51530e758798ed3135409a5d9e2bb9e1cb787b3fc2f0e2adc12e5b06a4b76382;R2;1;OutPost Market;G2;Não informado;S5;C
bef27294184d5cf1c0f4a78a7b4a4fae1a1d876377503f0deeea7a186151264e;R3;1;Brinco Store;G2;Não informado;S16;C
0801678cde50d51b04c021d9f591dd719f0707b0d0c2010cf050c01861c0ce4d;R3;1;Hauppauge Supermarket;G2;Não informado;S16;C
0de8c8d957196e1b76522c11b33e6b466a4f4a6bbd07cbc3b5bd9c184b34b0de;R3;1;Nematron Shop;G1;M1;S19;C
30a5d68ca4bee16b5c45693885e7fe5ed07f3f5dc6cd63d1f0ae58c71c512e9e;O2;1;Holy Supermarket;G2;Não informado;S12;C
4c3b20662a34128fa25e9ddb23c28395191eeb5b467415e7422d95db5af5f2fb;R3;1;GE Market;G2;Não informado;S9;C
0cf14aeb2bbe563e21785579fb2d2fb00649e0a6ff8dedf7141c880a1ce8885f;R3;1;Fills;G2;Não informado;S13;C
21c9d653284588b4179902d75706b44e8422bc09ffbca521149d8bf0393452d5;R3;1;Valpatken Shop;G2;Não informado;S1;C
275766db914c34729ffd446af02e4d5cf4c6a7296bc6b3db8931168497ceb517;O2;1;PacificServ Shop;G2;Não informado;S12;C
30c80f20fcdcf8a4e315d85ccf6f6167ebd97ffd2b05a027920e552f614fa95b;R3;1;ComeStore;G1;M1;S19;C
165b8e03108de515eac86ea59108bb08807818a5f7bcc7a311bf4e0004cfb9df;R2;1;TransCanada Store;G2;Não informado;S5;C
d81541b1149f24491abbcfe14b353f52f6a1939b25d29ec857dbc38314b2dfe3;R2;1;Zilog Shop;G2;Não informado;S1;C
28fa8d73e1fefdc3112944d9382c3528e1c3e7eecdb559e095e98716f92aa3ac;R3;1;Reveal Supermarket;G2;M1;S16;C
3a2be86a1d68cc4d4be82a6b54261f1817d21f794bbf1332590f6fa8473142c7;R3;1;RealiDyne Shop;G2;Não informado;S5;C
e075cb38932dde05bf0b21e23bc3ca1c10a41e69cba7a305ccce2450f60fe4c9;R1;1;Tandy Superstore;G2;Não informado;S11;C
a751964657b2c56a61a709bed1111d3e3cb1b6c85c034fa49a0b02bd8111c444;R4;1;Panngea Shop;G2;Não informado;S18;C
569248c0d47c6cde287e1bc198265f254225e78e06f4f469b1da3ff763bddd45;R3;1;Icon Market;G2;Não informado;S1;C
66c2312d13f8655ee4c4ea220bd308b10e2ba8aa1102e87e395620243713f39d;R3;1;Pereras;G2;Não informado;S16;C
ce9652d4c3cede2b21b20a6537efbf5068e88add5002ad57491d8ba9b81c433a;R3;1;KAT Store;G1;M1;S17;C
8091067c4261cfce72cea2b33ec0b9b812584e73e15513f20195eb5c9c72cae1;R3;1;Karickal Store;G1;M1;S19;C
7b1bcd5c20e0c407707d3da18f1f8c8c63b08cb4e99ff57865f7e244fbacd414;R3;1;Satronix Shop;G2;Não informado;S16;C
2dbbe979feb56b82fe64493a3c8e5382ac23a7956ec4a66541ffd60ba9a4ebb8;O2;1;Harvey Shop;G2;Não informado;S12;C
d8402568c503436d1f68196244103e8c5814c603d886c9a4abb45682af2edb04;R3;1;Neos Gigaplace;G2;Não informado;S16;C
d9f316671a380d9b6563590d9ba4be8afb74c7050de3d4564149ad3a7d3a1ab7;R3;1;Home Store;G2;Não informado;S16;C
9a271fdd34a883b11f54c50b82c682af9c7a4ee1f5c7c1506599e628094db993;R3;1;Pacifico's;G2;Não informado;S16;C
aef710a6a44ed21c80bd44862d04d98f7d03bbd9ce746af23bc9275545be940e;R3;1;Kari Supermarket;G2;Não informado;S16;C
5f7b2078d02c3a95d5f568c2859c390cc585fe2104466ebd3f91d525eab1183b;O2;1;Karsings;G2;Não informado;S12;C
6e2ba37619813c0569210a141fc9ca50fc714204e503002049a5663c071da3ee;O2;1;Litton Supermarket;G2;Não informado;S12;C
edd099f1abca7332fa02ce6ae2e6c70f42b4e5b54d840c35236d19bb78006a73;R2;1;Southam Supermarket;G2;Não informado;S9;C
8bbd1c34838785d3187335e2f91adb6096201f1591f7b40af1dcfa61b520a215;R3;1;VA Supermarket;G2;Não informado;S1;C
3a3350c16cc55fc53fc4656d5816b859595679c2d822370ca89d30b4fed1c0aa;R3;1;Telus Store;G2;Não informado;S16;C
6664756123bd735fb0e50740de5bfac4f1e8260dbdd9b43405721a92bb42de29;R3;1;Meals Market;G2;Não informado;S16;C
e7ad162a3ce4c926e14166a2da10437d823004f9cc24107b4db9869ddea3adbd;R3;1;UUmail Shop;G2;Não informado;S1;C
ec37612fc822c4f2f45b025fd957bbf1b2a059d6f589fec1fd015e923e211837;R3;1;Quantum Supermarket;G2;Não informado;S16;C
53d77a4a07d0e82a4f4b5ee3e2a39895bc55733e68554bfe112fa74b382dd50b;R3;1;EDC Supermarket;G3;M1;S5;C
a1878036d15069d28fea7f42a208aa5ac6d1935bdfc66f93940e356f40a742e1;R3;1;BigJobs Shop;G2;Não informado;S9;C
1ddaa2670bf4426e20375a642bb2842d994aead497a76c347b200de06c8097f3;R1;1;DDR Shop;G2;Não informado;S22;C
5c3adc44f7e89d3664dafb9b7076db8691c82897110c698e55c51da8f14ea2d7;R3;1;Zero-Knowledge Supermarket;G2;Não informado;S16;C
ddc565d077df51383294d4464ce73213f0525bf4658bf98187cec43eca37a5a6;R1;1;HMR Shop;G2;Não informado;S20;C
525faaaf6afab37420abacd6bdc6b98d1c1a1a4e6d0ce2f3b74e8e8f023d4fdd;R3;1;Dayton Store;G1;M1;S16;C
e8437bf6a87f40aee4a74d4da353c25f2198e2c7f7ade9883b089d945b00f0b9;R2;1;NACSCORP Shop;G2;Não informado;S5;C
0a0cd118822b697a27d1791df474f88bce189f1ec0d9308d24762469ea78ffae;R3;1;Aaron Supermarket;G2;Não informado;S16;C
f0b68ae4754e96e820faa8a2f296ba817973f8f0e5f011fff021324c88c5f910;R3;1;Pacific Supermarket;G3;Não informado;S17;C
f35acbf256b1dc03cdf16a36eab2a097c094cd93a86307ae5dad53ebb4a414b1;R3;1;Edia Shop;G3;Não informado;S5;C
40ecc3af43f4f128c6dea9c615580a104e1226533d4e5b6af9da8696c3b6f36b;R3;1;Soloman Market;G2;Não informado;S16;C
0afbc4227bad6d903beacaf6a8ad39f9d393fb894f7bce380adbb90b56afe366;R3;1;Benedict Shop;G2;Não informado;S16;C
8f6791e1dd7c49d05c802f08d2e47671400a474d9c92e411a54556c725d37921;R2;1;A-ARVIN Store;G2;Não informado;S9;C
a595e364c27c454a70d7797a516afde579be5e27c948089964d461789d42e495;R3;1;Keystar Superstore;G2;Não informado;S1;C
c4f8c1f20fa0e716d2230e428a31eff5f6664c7326ba0ef1fc114a6a81837103;R3;1;G.R. Supermarket;G1;M1;S16;C
362ff60ac6d4f50d1aeb13f53a4fa4230ebb8b7aa041a6b447a9b2e5efbf7183;R3;1;Tailwind Shop;G2;Não informado;S16;C
9f57d4d94d4860e9d77df13f9c1794bbd44b19c6395b5930054876460fccb457;R3;1;Remedy Shop;G2;M1;S16;C
a731e6ca03421700afef60e8da9f1ae8ffc02977bd3ac54cbaa54be2f31d56b4;R3;1;Toledo Market;G2;M1;S16;C
6c0d103f3be6602bafabbf9f9c2604e8aca494eb6230a6474d16dc4ee822a484;R2;1;ReviewBooth Shop;G2;Não informado;S3;C
5d030efee1363c4e1060700555b545c0d32c6fcafde13d655e5fbbb7ec8aa778;O2;1;Matradi Megastore;G2;Não informado;S12;C
fdb72eb984a4b5fc02db7e1ce1fde0a9f75400da7c8d627071487017996641f7;R3;1;Filmotype Shop;G2;Não informado;S16;C
bc9e9174c8b1d17bf931bd56a50a2e9a6804332bf875a787bc29f5b5afba2d2d;R3;1;Taos Supermarket;G2;Não informado;S16;C
a0bf93bf600c6ca7bf1c7b4953c4deb7e542c4637e0ba8fa713e800258a7286f;R3;1;Debenhams Supermarket;G2;Não informado;S16;C
3b1e4df3925eaa399560b66a86846e7119ef7838bc7d4b1abaa66e508a8629a0;R3;1;Taligent Midstore;G2;M1;S16;C
8859ba084903ed84c18ab5728fa70aed6b796ee780030b489e641e5df5f0346b;R3;1;Bre-X Shop;G1;M1;S19;C
e00a477a2b2282fbb749edc80f0ea41e123c58152287fe292f7314fc2bd062d3;O2;1;KentISP Shop;G2;Não informado;S12;C
d770bc5304d82cf741da76bdc45aa750716f799a48630735dda799ea6eb79f45;R2;1;Tampere Shop;G2;Não informado;S4;C
78ea14352df6677a32c01d8730f6ae723f328d554e881ea5fb2361666c931b05;R2;1;RC Shop;G2;Não informado;S9;C
ba0e1ff9e46e1fd73bf7e9c2d8a869c10bd1da43448449e8d8073b69c5dfcdc5;R3;1;Team Supermarket;G2;Não informado;S4;C
4848a3ddf6a590960459c636d78738bf5fecca1127aa601644d519a612336483;R3;1;LMAO superplace;G2;Não informado;S16;C
2ff74a746b133e2c61fe475951a6a6fca7cf9b864f4882298fc11ee819ce6d36;R2;1;Scientific Supermarket;G2;Não informado;S3;C
c1707d8de57640db806354109021a6238dc3a2bccaf82cae74671a3f6061fda7;R2;1;Del Supermarket;G2;Não informado;S9;C
f0cf77dc3c3d59e8e1ce504889459a1234be074eca248fef66fa59d0fa562d2c;R3;1;ScotGold Market;G2;M1;S16;C
a9e200cf9534c9a18febbb34b837d8eaa5b13631d0a8ae931bb48d94f6afc262;R3;1;Caravelle Shop;G2;Não informado;S1;C
5a4ea7f672566894538a1d5da731e9bd5417e553441628a9267e8b52ef4ea844;R1;1;A1 Store;G3;Não informado;S2;C
6151f5615b55fff035a0ef0dc38c6ce53c1091312c04eef8617e99f9a210bec9;R3;1;Ravenwerks Shop;G3;Não informado;S5;C
aac2f687bc7651caa3bd1cbabd05b095c05cf5453e4f2b0512e030673effa073;R3;1;Teca-Print Shop;G2;Não informado;S16;C
22b5c9e3362fedb39883cea7667a3ce7b368f17598fea1b2db59b6c421e1960c;R3;1;Miles Supermarket;G2;Não informado;S1;C
64e3841749630771e3ad56fdfa4ae9a7de7418058feaee301fa6c3b90eb6d086;R2;1;UNIS Supermarket;G2;Não informado;S5;C
7ac3b180719d90650257fbe1a0c83625db290a7ba66634e1231185b5ef76d8f4;R3;1;Zentrum Market;G2;Não informado;S16;C
08de67ad32a17ba63b74a1c5d8b23af433e77dc28a733ee984eee518bbb97c1e;R3;1;XVT Shop;G2;Não informado;S1;C
156e7e84dd786cf332e6a2c6d4bbf1c57733180ba4c8d81cee281722b0f04156;R3;1;RFI Superstore;G2;Não informado;S3;C
422c0977de262b3118948f9b23ebf0f909bd63e94e188e5e269f20ebc749d2f2;R3;1;R2J2 Shop;G2;M1;S16;C
0c949796b8c190656503d20702796ae3d76c40db455e432642d14ef3fbc9c5a8;R1;1;Screen Supermarket;G2;Não informado;S20;C
1a23f30c5fb31b5b6e80d7344b70ac91f31800a5d9ed597ac48512250e8c383e;R3;1;Talkland Shop;G1;M1;S19;C
00e9bd2d637b116315bb0e7ab7baf9cbd7e1d5d2162759bc3fb44cc75d6594d6;R2;1;IBVA Shop;G2;Não informado;S5;C
2f29d0c9adbf983e8ea5ce73af8fda63005256e71b03dacc51df1040ff4ad568;R3;1;Pinnacle Supermarket;G2;M1;S16;C
6087c0ae4541369ccb55bb16c828d149e482705c0034a124b9c164e4a4a282b7;R3;1;Harbor Store;G1;M1;S19;C
036bc9643e009a495a9b11dee9b08c5aba611a538d1ce79ab6b9676a52718229;R2;1;Zephyr Shop;G2;Não informado;S5;I
a2f8537451e6f6d71147a5cc2028bd433cd183a8fecd32a446e1086bf7f072a7;R3;1;Ilog Shop;G2;Não informado;S16;C
3e3db0cf3d7bf359159653410e51e983dcafb1150e70c0c71c7c7091e9657387;R3;1;Valley Market;G2;M1;S16;C
bdf896bf1b7ce7475b5f35c15a070c9550321c2f61217109e522fe703c474ecf;R2;1;Venable Shop;G2;Não informado;S5;C
e9012c7824b6f38a0dbf40aed4f8e7aa261e4dcdca1fa74b9e890a64110e6d71;R3;1;Lamson Store;G2;Não informado;S3;C
51eb375299f8dc36285bca7cbaf3356ab7c8d24b6df8480149d3cf9d28d86b8b;R3;1;LiveWire Supermarket;G2;Não informado;S16;C
692beba195f556f675da4ddd6baaa3f0a0a9db1918604ff9a019e20b67cb533e;R3;1;Diss Gigastore;G2;M1;S16;C
2ebf999cb22e1cd2d22c35a6a0c1e2e94c1a23158c52a99a596dff6b90c9960f;R3;1;Fokas Midstore;G2;M1;S16;C
4dffdae6944792edcea476d609f22ad6b253803a1e1e060260306d9863c4cded;R3;1;XCOM Shop;G2;Não informado;S16;C
3da6bb1fa2e27ab7254b7fc2300336df0df8faeafcc2c78629b72e0e170443dd;R2;1;CAM Market;G2;Não informado;S1;C
d9a60bc61ba90855bd8af835bb2c2dba6c5f97411c1f61bca0ee35dcfa88e740;R3;1;Safetynet Shop;G2;Não informado;S1;C
fc89122b7d31a90fd3be0c02cd9df88c892bbb17e118e7711d93db025f544f5e;R3;1;Chas Market;G2;Não informado;S16;I
2c0d48f278e0c11b84c5a5d38630442de61693b2a51d27f64ec2b8e92aeb67df;R3;1;C Supermarket;G2;Não informado;S16;C
85598958f1d8286335cb0479eebde846dd5a5218cd61a5b411aadde186f53614;R1;1;Dci Shop;G3;Não informado;S21;C
865fdbcaf53b51a7b7e39f8cc1624cc053b35a7e33c9ce17c439688a7a474689;R3;1;Quantum Shop;G1;M1;S16;C
d51b1895981cab073e397280a9f4d1312de7a3d7932918ca7173e24ee36e7a38;R3;1;High Supermarket;G2;Não informado;S16;C
e4aa768c2d4ed3b0ef24f3a7292fd37a4cb341720a063e6af4760c8d99bb8afb;R3;1;Dayton Supermarket;G2;Não informado;S16;C
ef301bee2028f0ae4e919546d4d3ab99756bf861f0f8e4da2f8d69cc537e61ae;R3;1;Joy Supermarket;G1;M1;S19;C
7de32356c9b2721d9e5be7b19e7b63b84b2c9629aa6c88fb6155dae0b0e362c3;R3;1;Quantex Supermarket;G2;Não informado;S1;C
d966f2bb6be6074c32c85c3131380225b42c30f7ecf756c5a67f70f8e2285c87;R3;1;Active Shop;G1;M1;S19;C
8021fb29f2f8ff00749413405b9b06a218a741120fbf545838e5be47e6d2aa4b;R3;1;Transylvania Supermarket;G1;M1;S19;C
3ee5bf47a7fb84f714756d452243d991e51d79eeea2eb57a8b61d528fd7cb782;R1;1;Betacorp Shop;G2;Não informado;S11;C
ac8adefcaf3f1a43f27d96a8f0e94447cdfac7cdc56d35fa23b92b56a02806bf;R3;1;A&R Market;G2;Não informado;S9;C
295dba025d74f4e22a490160da7157983913f40333878989580780e8f2db9646;R3;1;U. Supermarket;G3;Não informado;S17;C
efa05d39cc0ce9a2c659cdabe0071b1e34eaf9a0b9a99d183523caab19092708;R2;1;Renaissance Supermarket;G3;Não informado;S8;C
922a58a6b1909a906950922102ec42df4fb0895aea32fb3dae3fd65ec7dd2a6f;R3;1;Tally Store;G2;Não informado;S16;C
6746029ec0d79dfa17aecc146f7b00bef46e2ff7b7bae328c1c36de46880ba64;R2;1;Southwire Store;G2;Não informado;S9;C
dc062dbd2e8b97848821b9eadcf64c8cf1ad05b1c14dee967b5f3f55a702bec9;R3;1;Rave Supermarket;G2;Não informado;S16;C
feb7a3e22a01d205b30965ed85aadb516a0961040b2cc3afa2ca5510da00a0b5;R3;1;De Store;G2;Não informado;S14;C
e52fc76d10a90d3411dc5621eba632d7f89f6497ee3294d95fec923c6a91fb0d;R3;1;Bizmarts Shop;G2;Não informado;S1;C
ec1c39ec9ce84d5b794515248d5ed6f505f995cf094ffa09a45983de890d44f9;R3;1;Warsun Supermarket;G2;Não informado;S16;C
fb418359553782288315e6db6ce534afb637adc0d71196326c47166ad5d2861b;O2;1;Team Supermarket;G3;Não informado;S1;C
b6e72571f6e6cbf98c1d6f757f6a5c4da412ea0effa138d990bae56cb2f3557c;R3;1;RKS Shop;G2;M1;S16;C
a0a0b63967046ed7c94237ef88588594727fb11415f692884a094e6e51a3a0a2;R3;1;Idyll Store;G3;Não informado;S8;C
aaac9d81e187cba8b226c1dab8b22995ac452f297f63ab17af51456a651e836c;R3;1;Caribian Supermarket;G2;Não informado;S16;C
adfc5be897b056d839ad2830db361e0afe6c7a910bb1c2562fcc2be5a75ca245;R3;1;DEAC Shop;G2;Não informado;S16;C
f117f6fe679c341c5d1e4560ff212b7cebb6eebc3e5393240a01aba242e4a384;R3;1;Watcom Maxistore;G2;Não informado;S16;C
ed95afec170d7665fd2d76827c803fc7032f6c96b8848bad996301ad1bfa7752;R3;1;HCS Shop;G2;Não informado;S16;C
02ceef97dae63c8b7db1c177765711954ce3396120390acd2167e3c1f12a7d99;R3;1;Pacific Supermarket;G2;Não informado;S16;C
5d2a3cbe11afed7544e41577368e85482f192f5abf0994e39ae385662e182429;R3;1;High Store;G2;Não informado;S16;C
bb3dc54895dd4eb2abcac2c7a57972ebd6e297a983e69cac9886671c556ba836;O2;1;Gate Shop;G2;Não informado;S12;C
30043deb393b89324d53389d26c5e65825c0ac575b206cc78b394dbf11a26559;R3;1;Harvard Supermarket;G2;Não informado;S16;C
b962b1466562370b74ea416327d4dc7bfb5ee7d7379d46242e960b5fbe646d2a;R1;1;Paracel Gigaplace;G2;Não informado;S22;C
1b84c0e1a96e4c55f5560b97336073467b8673a4903e69a2fd5c9745de60a236;R3;1;Molson Store;G2;Não informado;S1;C
a48288b9627c3a5d2f672d5695e743f42923fdcef61ba378ac61dcc67f288154;R3;1;Hetrick Supermarket;G2;Não informado;S16;C
56fb7f81f39d3663e0a95b4c0129861b44fcc049968157b7492804095f2850e0;R3;1;Zero Market;G2;Não informado;S1;C
e0b94ff3fec3c0c5d5e25ccb06ec21f51899e859b65deddac98aadec7a6f7811;R3;1;Hobart Store;G2;M1;S16;C
e3ef314135f22d013967b12ab67c14006314c90b1b9f3f991ba465b5f910cada;O2;1;Papyrus Shop;G2;Não informado;S12;C
a293ea1163547b89b63e683c8085198c72faeedb38ff788579e1239db4e36646;R3;1;David Store;G2;Não informado;S16;C
2592e83e3dad0644504b00527d2c52ae4a982257a4240bec4d3277ff62133635;O2;1;Xentec Shop;G2;Não informado;S12;C
1404dc1624cda8559966ece8355d24f22820858ee22f918322152576bb045140;R3;1;Tao Store;G2;Não informado;S16;C
c03129d1839ad21342b1e9796d511eb300ce3c4b5c83f68cb90fca7e593cc4b9;R3;1;Caprica Supermarket;G2;Não informado;S1;C
9930560ea076d87c37ba352bcb93e8c08077707f10bb7486bcbca6dcdb75560e;R2;1;TICOR Shop;G2;Não informado;S5;C
63de7577e334f37085288194fdd23893fe95edaf0be6084aab5f5f3903cfe6cb;R3;1;Cadtex Shop;G1;M1;S19;C
b2de3d05bed9aafdf973fca316bc9ad3f51f210d38841145b96cb297fc33c645;R1;1;QualServe Shop;G2;Não informado;S11;C
e0d2d321ec8f964070844049c33a6021faddffce8a3abd49800477a6e490036a;R2;1;Screaming Market;G2;Não informado;S3;C
ac591bf4b7b25cd883e9a5289f4e270ee405f48a16810f17e666ce98512ac1b2;R3;1;Venred Shop;G2;Não informado;S16;C
62fcda1b385ad4e4798b1d3ca75914e93908bba2f302b7fefc467a52bcb86c4b;R3;1;Transalta Store;G2;Não informado;S16;C
00c314520b0a9faeb6d0a8e54735773f77b9e040c02964f88672545b38efef1d;R3;1;ediSys Shop;G2;Não informado;S1;C
0d9c7e93d4560bb49a065b053eeec61f23e3a4c4403bc7238ab310e3e4acd0a0;R3;1;Degolyer Supermarket;G3;Não informado;S5;C
30c17fbde69450f9ce7d72a6b8e57c5391389bcb9e0e166eb21d32152e8f1dbe;R3;1;Editor Shop;G2;M1;S16;C
2effe4ed55ffb797864571b36d2827704b132ea3093eb0125dc3369923599668;R3;1;Laker Market;G2;Não informado;S16;C
6eb224200cbcbb56b182647cb8b7a75fd99059749e0f19c26a0834c8924f0e34;R3;1;Racal Store;G2;Não informado;S5;C
8bd8f0c6162d129adad59b807d3565504b8cae3a306d46031e5ff9d3cac4898a;R3;1;Pinnacle Store;G2;M1;S16;C
e9b07b98d0f512668d45e4b447506a83f068cda876ace6f0f9ba030841b21961;R3;1;e-MDs Shop;G2;Não informado;S1;C
7ef9391a4637e6c1d6ce3bae13d54293f9b71d0f42cbd04dfd33efd15abcdb0b;R3;1;Dellovade, Supermarket;G2;Não informado;S16;C
3f9ac5ee33f22e9f7a0916ecad937fa712c95a0b7f8e69a6ea8d3e87ad2645da;R2;1;K.C. Supermarket;G2;Não informado;S5;C
03cd3545c4999a14dcb080988b82bac0fc84d9e8a928a7aec1950f917be03980;R2;1;Age Shop;G2;Não informado;S5;C
8e5294a77fb70f28a56615fe1c561fa85441d059a224e3d5796c39de638dd6ce;R3;1;Yurie Market;G2;Não informado;S16;C
a63db0afe7f1e6db29be331fcbac915a64a7a56634328a9dea03013af752d3ce;R1;1;TeamStore;G1;Não informado;S5;C
20fc5e93b3c8e0ddf2166466cc58737c24245dc517486a9c96047e8e84b4f671;R2;1;DCP Supermarket;G3;Não informado;S8;C
fabf88a199c14a29098d25fc8c94e6a6faa903e1e6d06c0d90c63ecb8a35cfb2;O2;1;Old Store;G1;Não informado;S1;C
9f7b99f99e1b9f61b9733b098426c006cd9128f339fbbdc738dc4ebc1e9ff57b;R2;1;Savetz Store;G2;Não informado;S2;C
76d41f93befacd9a8d346304356a143957f1338b7fef944d92ddc577438b2d39;R3;1;Xcert Shop;G1;M1;S20;C
556d75aae69954863b77615cdeafac3b151092368a5e997c7fa6b39d5e2f7c2c;R3;1;BizNet Supermarket;G2;Não informado;S1;C
8bba1a152a70cf286eaf38843ecd1b4c253471fc70927a69e6b08a07823b68d3;R3;1;Unison Medistore;G2;Não informado;S13;C
c14bccba8addb90d2b6f071d2caccb3c4170c897268c64a87b603daabf9739d4;R3;1;Siemens Supermarket;G2;Não informado;S16;C
04e81ea96c69a81b4dd46fe6ff18819e02897c203c2b7746ad4faa2e96160c5e;R3;1;Xyplex Shop;G2;Não informado;S16;C
a18e153376e9c4c980dbfb388332dd1e1879876f137762967fa987d8b2a2e141;R3;1;ACRON Shop;G3;Não informado;S5;C
eacb651a5bf2630fa96076118fb4ad77c8b6fd0468222ec686523f49d7be13a7;R1;1;EDGE Supermarket;G2;Não informado;S11;C
fee97a886f3c53bd5e111bc55cae61fec566016ec97dface5f4c0a0a282da813;R3;1;activeDesign Shop;G2;Não informado;S1;C
8ceaa691869b352467393d23d8652175302170eedfbcd5d884f91a168a8b52ae;R2;1;Pinnacle Supermarket;G2;Não informado;S5;C
5272a5f32e0daaf39666bb24ecd4ad5ba0b2ba452eff81119f4401a2a8ff7c71;R3;1;Oki Shop;G1;M1;S19;C
7ec81d71a4963602939abc8fb923af7842052d9fe1d2a73ba3811cf5363cdf0e;R3;1;ZipLip.Com Shop;G2;Não informado;S1;C
fada449389eaf792818dfc64e364a3dd612fc4022e704f9337b6053ff49a4e66;R3;1;Vanstars;G2;M1;S16;C
9e88f1d0008bf96ea626780ce76df607a5e13af03209e6980351ed0a6f3ee6c9;O2;1;Federal Supermarket;G3;Não informado;S1;C
8cb58fef1ff9832f2505046a5ee58fb036a9c9cbc2182dd3849df7eba0b83e4a;R3;1;Action Supermarket;G1;Não informado;S19;C
963fed32a08a0580b3ed8ec9f7d11e0857f6bc06878fd3949d21178cf60bdcf6;R3;1;KeyComm Shop;G2;Não informado;S1;C
b8e15789083dcf64216411f82fa178d6235d04b9e8411acf01fc50be3e7f9423;R3;1;FiberPlex Shop;G1;M1;S19;C
49ca3fe160abb1b7a3727f02040f27566b7c331737badf734747205715bb9495;R1;1;Revnet Market;G2;Não informado;S11;C
39184856d2d395c7c62e586280e1f948e92eab30484ef645a150bb8f1d206047;R3;1;Quallaby Megaplace;G1;M1;S16;C
458ed2d416844a956c4aeb1c62198eace9dced06cdb80b6cc0ed98b682b897b2;R3;1;Ibis Shop;G2;M1;S16;C
7425e138445779f14f1e05559dacdb77afc08f3645a42e54021151488776c362;R1;1;Homestead Market;G3;Não informado;S21;C
cdefd1011f3df0d98fc99b4f050c5fb9eafb9c8e5ed7b3fe431a5cea68d7df41;R3;1;Tangent Shop;G2;Não informado;S1;C
5758fbb6360450943cc61e176d986a33e9a3a6630f3a368f7ba49f43d3282301;R2;1;IBEX Shop;G2;Não informado;S5;C
0594720e51819b2185689b4d3940fb334d2e17278c52206f12e644387903b7fe;R2;1;iLanguage Shop;G2;Não informado;S5;C
726b5a0e003802946552d750f8cdb61303c92a975024c7acbf955e9db98384dc;R3;1;TAL Store;G3;Não informado;S5;C
041c1780dba497e30960acafd5034a79aa7e190b297060ebbba6bc4e5ced8bd7;R2;1;Gulf Market;G2;Não informado;S4;C
035102230db3759605fd79458a26033ffcdabc415e7cea4518e3758b8a260c12;R3;1;ACS Shop;G2;Não informado;S1;C
2967c40b6478ad24e70eec7b6520f6efce8bda35295dd1df9571ce270b386f33;R2;1;Satyam Shop;G2;Não informado;S5;C
ec9430b6512eb60e1d0e60720b6d1e70abde6366dee16e2ce6174e9ab0a04b5d;R3;1;Rdlabs Shop;G1;M1;S19;C
7f4e528ccc32d1abefe8ba70c53956b1c06e45675fd1f4fadcf78da75e4be844;R1;1;Keystone Store;G3;Não informado;S2;C
7d67301cd49863c47f03cf7c83e611061e5420f2f3a78fa7e7adcae31d9dea9c;R2;1;United Market;G2;Não informado;S5;C
70e3d097d03c358b0d3c86713357963a0e0a595c19fdc7fcc9fe421d769e99ef;R3;1;Aaron Store;G2;Não informado;S4;C
243d8517da8408dfdc17cdbae2628430d4eb3bc76828baffd3da522eb7adf65b;R3;1;Helios Shop;G2;Não informado;S16;C
9bf1620c35681ab4108802a3a9b296ee98dffd38576866605da5e66f9f7aaff6;R2;1;Pacel Shop;G2;Não informado;S5;C
06443b84b837f5060ca0097b22225b1146aadc646fc677f471f4e6785d93735b;R3;1;YourFuture Shop;G2;Não informado;S9;C
c5f41411fb56878b2684c106d40506da6a7c8360fdac5f1ae7f0656c86c4c2af;R3;1;Ra Maxistore;G2;Não informado;S16;C
96a37a3638128fa0a79575e17718001586c4776679efe04c1a78c510cafaf83d;R1;1;PAP Supermarket;G2;Não informado;S4;C
9cc5af2243cee26c21ce28f16f216d0aa79ea314d714afb692bdbf443b4b0d89;R3;1;MATRIX Shop;G2;Não informado;S16;C
a316295c856aea8db21e5a4534ed2fc338481595d4683ac393448c31e77ae5dd;R3;1;Iconation Shop;G2;Não informado;S9;C
eeff63ff33fa0595f541d38e3791c3a894550a16faabbae296adab122843b615;R3;1;TargetedListings Shop;G2;Não informado;S1;C
243b08cee4d4bddfc26ce4949b9a04629b61e151ea6470b841d8aff348844400;R3;1;HarveyOpolis Shop;G1;M1;S16;C
11ef507d44c3c60a9d074433577b5483d9619dca0b1014515a74ef2458d23025;R3;1;Unitec Maxistore;G2;Não informado;S9;C
af08505d93219e3c54a0839e6a46e7621a21ea3ef7bda8555af25d3ac2b947e3;R3;1;Ottercom Shop;G2;Não informado;S16;C
0ba9a59786c2d3218faea5b35cc3c447d3ad99244ec6b26f0c719ac66a7d38d9;R3;1;Ping Shop;G2;M1;S16;C
92ce86e0d27558fc8ab7f57e021f32285126c251da499e529f4f2ef9f3cc787b;R3;1;HBO Supermarket;G2;Não informado;S16;C
f01846bb7ed4ceeb53807b5bbaf0d1b27d598aefff81bd843bc53412a65edc76;R3;1;Signatures Superstore;G2;Não informado;S4;C
98b003f39b5fe1f392c81c08e9d79cd8fcadaa6ff1763b0f4f4094da1adfa97d;R2;1;Farr Market;G2;Não informado;S5;C
ca42dafc55adcb214feee39168dcd6da4935973ac92ac4c250a47c32e15a9f8c;R3;1;Xetron Shop;G2;Não informado;S16;C
493345447d8c559560dead9a16d2d17daf11ac95f30fe8b06109d897e5cc765c;O2;1;ACS Market;G2;Não informado;S12;C
3b354f64985248fd0cff451479ac73973113be98cf6990782857d335785ad004;R3;1;Tampa Market;G2;Não informado;S9;C
141d3ccfe05ed7cf60aec3fe8c4997b86cadfd3512ed93a8e0d8b5043b071545;R3;1;EDP Shop;G2;Não informado;S1;C
125eee33448696ce03a20a0e44278febe8b46465b4db58252244fc27a0551d67;R3;1;Dan Store;G2;Não informado;S16;C
7754fbd2931013954f621207d1391313e603816ff0d5039528d430d45038305e;R3;1;Quantum Supermarket;G2;Não informado;S9;C
20d5003616983698a0fc4b0075d6d316446f46cc0429cf699d31a3ffbfcb915f;R3;1;United Market;G3;Não informado;S5;C
b2ae4aad7a5e3f40b535801b9f8b1258fef42b5f0a7327c7e78b80727b8587d7;R3;1;Besicorp Shop;G1;M1;S19;C
aa25970ea7cbaaec2a28e1048916afa68f8b52ec2c8ac87ffb8026ac26b3443c;R3;1;Bounds Megaplace;G2;M1;S16;C
2c4b1c5db6503bfe7064fb10bedd4f9408cfd2b6364fcbe57931a5ee8ecd3226;R3;1;Signature Shop;G2;Não informado;S16;C
354fd9fb037c62ddf85b67d58a8b4ace0884a10081cd8aea9f3bec4f7c920f2c;R3;1;Harbour Store;G2;Não informado;S1;C
aa6ca91a32344c0818047c1a69f394670856e4fede6401692e65d7432dc6d041;R3;1;Canter Shop;G2;M1;S16;C
e4b74076d98485bb2c667876a8efbb763c4deb3a2ae4c97b6f512ce1e8849991;R3;1;SASCO Store;G2;Não informado;S1;C
4baccd21c09e49d16af495f29b8d8f92036f0335903a2bbecc32afd45d78d103;O2;1;Kentucky Supermarket;G2;Não informado;S12;C
11022528d39c75c823bdbe83d0b6de73e83c7e435c2ef1ac5d6805b054f21147;R3;1;SAT-SAGEM Supermarket;G1;M1;S16;C
654bbf4555a6b4fb670299bec43bc468a9634b13b0764486f8990d3ea08af982;O2;1;Harte-Hanks Market;G2;Não informado;S12;C
3cb3043192964f4b0b11da17a29a26efa9acc6def076710191a84c7575290fb0;R3;1;Active Supermarket;G2;Não informado;S9;C
eee7d93783c58f9f9bb58ee2cbf707137e50913695142922873ba1df66ecb143;R3;1;Take Supermarket;G1;M1;S19;C
a92f7900e50dec61f69d437d8c20eeed2d45688465d3cc88d8ec7e0df4d3e7f1;R3;1;Livermore Store;G2;Não informado;S16;C
a40c1a9923a53ab3583b97434f78e5f8a33a846de6bca245f7754095e049fb78;R2;1;K Supermarket;G2;Não informado;S1;C
17a7ac0edba38b7cc79c69bb8e955c4af2efd0658a6276d0cb70ff34162d5477;R2;1;Heurikon Shop;G2;Não informado;S5;C
2009e645d450a0dd5f0b77fa0e23522059e350264c7cdb24a0d98bb36910fb8b;R3;1;Edorex Supermarket;G2;Não informado;S16;C
a495f77eb4f3a17c7f46ad56ea0673baa2d757c4e03f8569135434a3ef711989;R1;1;Salamander Supermarket;G2;Não informado;S11;C
a09d0b5ebf33e578dad8023c869ee6cbef144d1be4ab62cda95d5cee37858103;R3;1;Litton Shop;G2;Não informado;S1;C
0c6bedc7f4222c3bcdb7b5b5b190e0dbe39154e3ee5ad5a8a8f2565e51e2adef;R3;1;Stone Market;G2;Não informado;S16;C
faba839ea7bfda157f4ebcd033d79820c0067752679e0f92faf0e6cb96d2b634;R3;1;Today Shop;G2;Não informado;S16;C
094cb3fac88d4fd1d8cba6d1e88396de353642a88a88725538a8f536009cc7b3;R3;1;Outbreak Shop;G2;Não informado;S16;C
cee1804a7baccc16b269c4f109172f64559a1089017ef69b1743b5debde07be2;R3;1;Active Store;G2;Não informado;S1;C
87836ab07cab18158ef508e1a14fde7e2fa314d40a60900ef5dac8cb619f3c76;R3;1;Bitstream Shop;G1;Não informado;S16;C
667a693cd447d765ffd1affbbf55c63bb668505cf9490888f64b99cce1bb2267;R2;1;Xediom Shop;G2;Não informado;S5;C
24019b8d47374a37ff0bbe82163c26a14a03aa40ce8793d6c962f90f8e21e423;R3;1;K&K Supermarket;G1;M1;S19;C
43bdb3175b7288c2a46ec9a49e7cb5061228e458b49dbff21d23ddda4f3e731e;R2;1;East Shop;G2;Não informado;S5;C
97bfa04bf7efcbe7bd126acbd77845c9868945706aef4657308db3a97039f486;R3;1;Tredegar Market;G2;Não informado;S4;C
47471a3551dcac9425862b72c849965caeb80fcab8fd5f0005c853aa4e6e14cc;R1;1;Gastown Store;G2;Não informado;S11;C
65f48c70bac353fde42ebafda4e71dd411ee152089ee43e46c784dea7f1036ac;R2;1;Bens Megaplace;G2;Não informado;S3;C
86f735b00063c0613143e2fb18fe2b4f1d2515784eebdda857d1822142d1caa3;R3;1;Xtreme Shop;G2;M1;S16;C
ee11b3d0e1fecae0082bdde4678331181e4488deaf1126330efe3ef3cc0c3ab0;R3;1;Quantum Supermarket;G3;Não informado;S5;C
e5edadda233a8f6ce44b5fb309e85758fdced05ccb5949161359ea0d08388e0f;R1;1;Icon Superstore;G2;Não informado;S11;C
aa989f7801559b87353891478d5f66b9ef83250ebfc7afc9bb3fc34cfc8fa179;R3;1;Minneapolis Supermarket;G2;Não informado;S1;C
e7b446b2c9834d8e1179ec4597b2632be65f1aa38fc849526d22c7933b7a85c5;R2;1;Abbotsbury Shop;G2;Não informado;S5;C
fa9884b2a3fd43ee6abda2ad9fa8f1fc1f2ed8e2cdbe4624a78165d9cf91aa06;R3;1;edit.nl Shop;G2;M1;S16;C
7c708aa32c3dff89ac40863c302675726dd50f5571a2e97a812f804c0a91b5c1;R2;1;Output Supermarket;G2;Não informado;S5;C
a7f436434b9d5118984ab7a42f44bc25b99bcacb2132e30fa51a669886bf666f;R2;1;TAGnology Shop;G2;Não informado;S5;C
e5f482f9692164dfc7c7e080bf2f46a2af4b1a0faf5d172c67723308e4366edc;R3;1;Clearout Shop;G2;Não informado;S16;C
7f61ad899ba40ad59140cf0c63ea68ec527b2f929646dd53d34591d5615cc1db;R3;1;UniForum Shop;G2;Não informado;S5;C
3278877641d2c2ea3362d9c9e28d0c3c24930b3fcbeacc1943e644519d919233;R3;1;Pink Supermarket;G2;Não informado;S16;C
2d38cb65a1ea3a30376776d3073b846fba291a2206e7b90f4cfd2e8bc8bd2f74;R3;1;Abacus Market;G2;Não informado;S16;C
e442c1fd413d1d4384cf61e0a6cb67e74afb340e9f30240f569555d0eb632d4e;R3;1;Bechtel Supermarket;G2;Não informado;S16;C
0599a381b69a8e2e7318be25ea13a2266fddf5f50e65ac806267f9b39f6672a4;R3;1;CAPTA Shop;G2;Não informado;S1;C
2cce2d11b499cb3330ce5784d8082db35f496cea8f13b27f0af8e0ffac3fe32a;R1;1;Texasgulf Market;G2;Não informado;S11;C
7e5583ba83662a7bc303a3a135b1df94a140d2fc7d31707965e4fdf087166f14;R3;1;Unisys Shop;G2;Não informado;S1;C
c8683e3273769f85cbe577c1e865bb462c5d3beb4c4e7f89e3e48cbc3cfba6be;R3;1;Stone Supermarket;G2;Não informado;S1;C
fa505a6b06f7bd68a9a2e1cf86fd5270706e80312e55ab3fe6f256e23e76cee3;R1;1;A&B Shop;G3;Não informado;S2;C
92855a5e1cf89a1d373d752fa4ded98524a07cea204da6c8e96153aa87b26c2d;R3;1;Keystroke Market;G1;M1;S19;C
4a754739c8cd66dc86ac691cbad868cedd956dddde412cdadc5109ad9239a932;R4;1;Capitolnet Supermarket;G2;Não informado;S18;C
87b6f2d93f88e44e869b5078479cf3dacef04a85cc348603082fb810b19ac06a;R3;1;Smith Supermarket;G1;M1;S16;C
661ff684fabec278c50fd0c58421996b4f21ae2fd319e02c60571308c09452b7;R3;1;ActionWorld Shop;G2;Não informado;S16;C
88c948f4b9cc86c64b44717ccad02b3a04c8d2d28772a04eb999f915684b3e12;R3;1;Nancy Supermarket;G1;M1;S16;C
fdf62a7b625d58262c43dd3369e536f3b4c4010d4c25b051f49ab2a29db8e248;R3;1;SataMine Shop;G2;Não informado;S1;C
caaa1601ad86664b31cce78a0c1c536eaf196c8e1bbcb2cbca06ad0c142759fd;O2;1;Xilinix Midstore;G2;Não informado;S12;C
2a412e1462c9bac840af7640a525bec72e346349d41b0f544a7bdcd3ac7794c8;R3;1;U.S. Market;G3;M1;S5;C
6a84a73dd88ff6501df8c15009fd4e6b5ca0e04c3ca6aed6a46280d4586754ad;R2;1;NECX Market;G2;Não informado;S5;C
ba3b8d62bb718cef5a9b21dfc4277f2390a4b667324a70c2382754723422ee15;R3;1;Berkeley Supermarket;G2;M1;S1;C
80667c68f294de1bd577d4922d52e786efa4e78a8840df7f414553b99f2d5056;R3;1;Screen Supermarket;G1;M1;S19;C
47242d3954c8d6fe830374683e5cf89467c845b8c46c2e6616b1881fad64d6b9;R3;1;Talou Shop;G2;Não informado;S4;C
ab5616852b8732e05b1cfdba1709cd2fe2159b374eebaf742918dc5e571f3e8f;R3;1;Your Market;G2;Não informado;S9;C
be1f121c36e9c1bcab82d616b8db6baa749b0173dfc01f3d3f59d2197b3ed07a;R2;1;Packard Supermarket;G2;Não informado;S9;C
bfbed724e317b09a2ad4a32c00b4daa50b3a1e864b63d1df65063c6aaa2d36b2;R3;1;FIBERWORKS Shop;G2;Não informado;S16;C
0cdb658af15d80a5967a805514d069257516e1b1714ce4b3e01609294bdef85e;R3;1;Trust Supermarket;G2;Não informado;S1;C
1746b9b27c5e0a58ec92522660ddf742b92a8f2c1be7a893e36cc5e5415af6dc;R3;1;Script Supermarket;G3;Não informado;S5;C
b55312fd6aec86150d67398ead11d769b5e93cf691a71dacc1c98aa9d0c6733f;R1;1;K&M Supermarket;G2;Não informado;S5;C
ecb841172b0113cc45f947ba783e4dbff35e981239d36c3848fcba480447e6ed;R3;1;Times Store;G2;Não informado;S16;C
579f72db6663da947ad6457966ab46c35bb12303c070e9979ba69a800154dde1;R3;1;a2i Shop;G2;Não informado;S1;C
21691d3f140dece9b57125c9bfee1e144abdebc5467ed5acfa5bf68da4b60021;R1;1;Koppers Supermarket;G2;Não informado;S20;C
5c74ed4ee4cd0215a8cc455852d9f716827814d896fbdb791776a575a0e4b5f4;R3;1;Unisys Supermarket;G2;M1;S16;C
d7d50344a6a38ac2076288e35490c7377c89251aa4531989d603f58ea1f066b3;R3;1;Onetouch Supermarket;G2;Não informado;S16;C
668453eba45a310cf4f0d917aa44463e5b8939a3a69dce494d4073122446d49b;R3;1;DC-Works Shop;G2;Não informado;S16;C
1819bd25facd75f43937447b57e3a4fa92ec69f969eb2119daff4e91a6e2d0ad;R2;1;zNET Shop;G2;Não informado;S5;C
b9fe2126119508411ade8c743e16b5079f52443b564d17a8d77ac0640210c07b;R3;1;Kawneer Market;G2;Não informado;S1;C
e61c29a052e3dfd3fbe5bc20cf7c2f2e889971580a5a65c3d9a081ca129d4972;R3;1;Zeroo Gigastore;G1;M1;S19;C
c7e297c64c9ad5d90c1379f1e3f8506172ad322f5dac0123990582bfa6158eb0;R3;1;J.M. Supermarket;G3;Não informado;S8;C
1c82dde98b2bda67df185e7521dbe4fcee0a8ae0fc46b27bdea63b3d4bdb531b;O2;1;R.J. Market;G2;Não informado;S12;C
3ce87c791db847e6403e25b366a9ea78209f74c68968818ef10f0129ed30461f;R3;1;Jones Stores;G1;M1;S18;C
883697045ed44a428968a2ac233092c94185176ca27438f19892917c6456e011;R3;1;Road Warriors;G2;Não informado;S16;C
2dbd68ce8ce76a115a3656aa57c8e3996a935646ff8f2baeacb4107f47e98dc2;R3;1;Towmotor Supermarket;G2;Não informado;S16;C
90e4fe77e031c358e320458dd37e791d1d94b35e4a3fa863e5e6404c77acb58b;R3;1;A2Z Store;G2;Não informado;S16;C
e2a6fc1fe5754c668134a98c1ada7a95ce3c8cd612ccbf3ed3fc8411376be1d2;R3;1;Kaim Supermarket;G2;M1;S16;C
204f75ddd7d7e112582cb671863e3d414899b7498098036247eebc077e1e250e;R3;1;Vectrix Shop;G1;M1;S18;C
c720405ff9cae7cea386c9f01d7fef476335c8f800a0acb0ecef45ac4f79e38a;R2;1;Hegemony Shop;G2;Não informado;S5;C
63d6defe82fa3b5317f0c527b9416992f3ca80b64a7c03ecb2d377519fa26bed;R3;1;Ethyl Store;G2;Não informado;S16;C
d3e610ab531ceae9cd9dead5b7aed0d8fee29d0ff806cf7be03847b27ee39fb4;R3;1;AA-Wizard Shop;G2;Não informado;S16;C
d5a3aadff7a21e56499ad30362c386fa5a910c5e3ccb053175a35b16c27436a8;R3;1;ySecret Shop;G3;Não informado;S5;C
174c22b2a8fd16736efdbe2a447caf74ccf4914d20c5551e2861b81ea58e336f;R3;1;Garza Supermarket;G2;Não informado;S9;C
5319dcade7324d7a8e9fb0977b1c7422a9f4880e5abeb8d799214e53a9f8a048;R3;1;Kool-Seal Shop;G2;Não informado;S1;C
61bea19c860bb61a5ddbb3b2d7120b2f5756468c7b62458de60cbc1f83b91cfe;R1;1;Fins Shop;G2;Não informado;S4;C
5770e893f9876404dff9de4511fafac9fc0f739df624c52849ac012826d9ce60;R3;1;Panzl Shop;G2;Não informado;S1;C
51aae39670f27855d5581783067747ce73246aa3ac5f2085f9493902be787b58;R3;1;Illuminati Shop;G2;Não informado;S16;C
